url,title_url,title,short_content,tags
http://scitech.people.com.cn/index1.html#fy01,http://scitech.people.com.cn/n1/2018/0305/c1007-29848637.html,余少华代表：５Ｇ发展应更加注重惠及老人及困难群体,通信领域，５Ｇ技术正在迅速发展。全国人大代表、武汉邮电科学研究院副院长余少华４日表示，发展５Ｇ技术时，应更加注重惠及老人及困难群体。,科技
http://scitech.people.com.cn/index1.html#fy01,http://scitech.people.com.cn/n1/2018/0305/c1007-29848632.html,全国人大代表张近东：构建电商精准扶贫长效机制，助力打赢脱贫攻坚战,党的十八大以来，全国农村贫困人口累计减少6853万人。然而截至2017年末，全国农村贫困人口仍然超过3000万。,科技
http://scitech.people.com.cn/index1.html#fy01,http://scitech.people.com.cn/n1/2018/0305/c1007-29848628.html,我国科技创新水平加速迈向国际第一方阵,十三届全国人大一次会议5日上午9时在人民大会堂开幕，听取国务院总理李克强关于政府工作的报告。报告中称，坚持创新引领发展，着力激发社会创造力，整体创新能力和效率显著提高。,科技
http://scitech.people.com.cn/index1.html#fy01,http://scitech.people.com.cn/n1/2018/0305/c1007-29848615.html,北斗厘米级定位服务有望今年覆盖中国大陆,随着北斗三号第五、六颗导航卫星的成功发射，中国北斗卫星导航系统进入全球组网的密集发射阶段。太空中的“北斗”越来越多，地面上的人们该如何使用，这种使用到了何种精度，成了一个备受瞩目的问题。,科技
http://scitech.people.com.cn/index1.html#fy01,http://scitech.people.com.cn/n1/2018/0305/c1007-29848614.html,中国“虹云工程”将于2022年完成部署,我国以天基互联网接入为主要目标的“虹云工程”迎来了最新消息。全国政协委员、中国航天科工二院院长张忠阳在两会期间接受记者采访时透露，“虹云工程”将在今年年底前实现技术验证星的发射，并开展低轨宽带通信的演示验证及应用示范，目前卫星已经进入正样研制阶段。,科技
http://scitech.people.com.cn/index1.html#fy01,http://scitech.people.com.cn/n1/2018/0302/c1007-29844578.html,我国将研制发射旗舰级X射线空间天文台,eXTP卫星在轨运行模拟图（中科院国家空间科学中心供图）	人民网北京3月2日电（赵竹青）今天，中国科学院正式启动了增强型X射线时变与偏振（eXTP）空间天文台背景型号项目。作为硬X射线调制望远镜卫星“慧眼”的继任者， eXTP将有望成为在2025-2035年间该领域国际领先的旗舰级X射线空间天文台。,独家-滚动-科技
http://scitech.people.com.cn/index1.html#fy01,http://scitech.people.com.cn/n1/2018/0301/c1007-29842567.html,中国发布首部地理国情蓝皮书:哪个省上学最近?,人民网北京3月1日电（赵竹青）中国首部地理国情蓝皮书2月28日在京发布。蓝皮书显示，河南省城乡居民地到最近小学校区的平均交通距离最小，上海城乡居民地到最近中学校区的平均距离最小。,科技-科学界-滚动
http://scitech.people.com.cn/index1.html#fy01,http://scitech.people.com.cn/n1/2018/0301/c1007-29841260.html,如何激活博士群体科研活力,2月23日，海峡国际会展中心内人头攒动，福州市2018年高校毕业生供需见面会暨博士对接洽谈会在此举办。此次招聘会共有300家用人单位提供了4500个工作岗位，是近年来福州市针对高校毕业生举办的规模最大、涵盖用人单位范围最广、层次最高的现场招聘活动。,科技-科学界-滚动
http://scitech.people.com.cn/index1.html#fy01,http://scitech.people.com.cn/n1/2018/0301/c1007-29841171.html,隔空操作成果武装可穿戴设备还需闯关,	影视作品经常出现这样的镜头，小手一划拉，一面虚拟屏幕就出现在眼前，但是，种种令人心醉神迷的“隔空操作”大多数都是艺术的渲染而非创新成果的落地。不过，有人寄希望于华为新公开的一项专利申请，能够让电影里的高科技进入现实生活。,科技-科学界-滚动
http://scitech.people.com.cn/index1.html#fy01,http://scitech.people.com.cn/n1/2018/0301/c1007-29841120.html,太阳系中的大块头,木星闪耀在晨曦微露的夜空姜雪鹏摄		2016年11月25日，故宫博物院，木星伴残月，其身边的卫星清晰可见。李鹏摄	新春长假已过，人们逐渐回到了自己的工作岗位上，开始了充满活力的全新一年。,科技-科学界-滚动
http://scitech.people.com.cn/index1.html#fy01,http://scitech.people.com.cn/n1/2018/0301/c1007-29841292.html,防治抑郁症 不能忽视中医药,世界卫生组织、世界银行和哈佛大学的最近的一项联合研究表明，抑郁症已居世界十大病种的第4位，预计2020年将跃至第2，紧随心肌梗死之后。近年来，随着人们生活节奏的加快、压力增大，抑郁症的发病率逐年升高。,滚动-科技-产业动态
http://scitech.people.com.cn/index1.html#fy01,http://scitech.people.com.cn/n1/2018/0301/c1007-29841204.html,这次太阳能发电主角 很像你家炒菜的盐,太阳能德令哈熔盐式光热电站		使用熔盐存贮热量的太阳能发电技术	日前，有外媒报道，除了太阳能和风能，清洁能源公司还在考虑使用熔盐发电，美国太阳能储备公司等在推动熔盐能像太阳能和风能一样有效发电，且24小时不间断。	熔（Rong）岩（Yan）发电？乍听上去会不会有撞见火山喷发的凌乱感？其实，这次发电的主角是熔盐，没错，很像你家盐罐里的那厮。,滚动-产业动态-科技
http://scitech.people.com.cn/index1.html#fy01,http://scitech.people.com.cn/n1/2018/0301/c1007-29841200.html,只有废纸篓大小，微型核电站要上太空,Kilopower反应堆	据国外媒体近日报道，美国宇航局和美国能源部合作开发出一种只有废纸篓大小的核反应堆，并称其为“Kilopower”，也就是千瓦级太空反应堆。它能在太空环境中运行，为太空基地提供电能。,滚动-科技-产业动态
http://scitech.people.com.cn/index1.html#fy01,http://scitech.people.com.cn/n1/2018/0301/c1007-29841189.html,冰结构探测机器人 成功用于南极科考,探冰机器人受访者供图	由中国科学院沈阳自动化研究所自主研发的探冰机器人，在我国第34次南极科考中，成功执行了 “南极埃默里冰架地形勘测”项目地面勘察现场试验任务。这也是我国地面机器人首次投入极地考察中的冰盖探路应用。,科技-产业动态-滚动
http://scitech.people.com.cn/index1.html#fy01,http://scitech.people.com.cn/n1/2018/0301/c1007-29841137.html,在春季星空中寻找行星身影,3月19日晚金星、水星将依偎在月亮旁边（示意图）	春回大地，一幕幕精彩天象也如期上演。本月天空的主角是几颗明亮的行星，其中水星将在月中迎来大距，观测条件不错。,滚动-科技-产业动态
http://scitech.people.com.cn/index1.html#fy01,http://scitech.people.com.cn/n1/2018/0301/c1007-29841388.html,保护知识产权就是保护创新,近日，中共中央办公厅、国务院办公厅印发了《关于加强知识产权审判领域改革创新若干问题的意见》。2月28日，国新办举行新闻发布会，邀请最高人民法院副院长陶凯元介绍《意见》有关情况，并答记者问。,发明・创新-科技-滚动
http://scitech.people.com.cn/index1.html#fy01,http://scitech.people.com.cn/n1/2018/0301/c1007-29841313.html,药膳养生靠不靠谱？,	春节期间播出的《舌尖上的中国3》，因“药食同源”“药膳”“食疗”，一经播出就引发争议，有观众认为，里面所提到的煲汤养生并非人人适用；草药入菜也绝非“缺啥补啥”那么简单，随意食补可能适得其反。	药膳是药和食品的结合	《舌尖上的中国3》热播后，就“药膳究竟是滋补良方还是伪科学”这一话题，引得各方在网上吐槽。,滚动-科技-发明・创新
http://scitech.people.com.cn/index1.html#fy01,http://scitech.people.com.cn/n1/2018/0301/c1007-29841147.html,寻找另一个地球 科学家有四大法宝,行星Kepler-186f的艺术构想图		行星运动使光谱发生频率红移和蓝移	仰望星空，在地球之外，是否还存在宜居的星球？这个问题带给人们无限的遐想。	关于宜居行星的探测，不断有好消息传来。,滚动-发明・创新-科技
http://scitech.people.com.cn/index1.html#fy01,http://scitech.people.com.cn/n1/2018/0301/c1007-29841073.html,试管“迷你大脑”可用于研究脑褶皱,以色列魏兹曼科学院研究人员表示，他们找到在试管中培育微型大脑的方法，这种微型大脑可以产生类似人脑的褶皱，研究它可为分析和医治小头症、癫痫和精神分裂症等疾病开辟新道路。	现实生活中，每3万个婴儿中就约有1个婴儿的大脑生来光滑无褶皱，其成长过程中面临重大疾病的威胁，寿命也较正常婴儿短很多。,滚动-发明・创新-科技
http://scitech.people.com.cn/index1.html#fy01,http://scitech.people.com.cn/n1/2018/0301/c1007-29840968.html,《国家生物技术发展战略纲要》启动编制, 28日，由科技部牵头，发改委、财政部共16部委组成的《国家生物技术发展战略纲要》（以下简称《纲要》）编制领导小组第一次会议召开。这意味着《纲要》正式步入编制阶段。,滚动-科技-发明・创新
http://scitech.people.com.cn/index1.html#fy01,http://scitech.people.com.cn/n1/2018/0301/c1007-29841283.html,食药监总局： 理性看待食品保健品,保健食品包装眼花缭乱让人选择困难？厂家声称产品降糖降脂靠谱吗？国家食品药品监督管理总局提醒消费者：要科学、理性看待食品、保健食品广告和宣传，凡声称疾病预防、治疗功能的，一律不要购买。	食药监总局提醒，消费者应到证照齐全的正规场所购买产品，特别要注意有没有营业执照和食品经营许可证。,滚动-探索・发现-科技
http://scitech.people.com.cn/index1.html#fy01,http://scitech.people.com.cn/n1/2018/0301/c1007-29841267.html,大学生仅15%想当科学家 这个比例小吗,近日，中国人民大学统计学院发布的《大学生使命担当调查研究报告》（以下简称《报告》）显示：58%的大学生希望成为职场精英，仅有15%的大学生希望成为专业领域内的一流专家。（据中国青年报）	如果回顾一下中国学生心目中理想职业的历史，科学家绝对是各个年代的高频词汇。,科技-滚动-探索・发现
http://scitech.people.com.cn/index1.html#fy01,http://scitech.people.com.cn/n1/2018/0301/c1007-29841194.html,用多孔仿生纤维 织就一款北极熊“毛衣”,具有“热隐身”功能的仿生隔热织物，在红外相机下显示隔热效果。卢绍庆供图	生活在极地世界的北极熊是最不怕冷动物之一，原因自然是北极熊自带一身最抗寒的“皮草”。,科技-探索・发现-滚动
http://scitech.people.com.cn/index1.html#fy01,http://scitech.people.com.cn/n1/2018/0301/c1007-29841112.html,月球上的水比预想的多,据国外媒体报道，一项新研究发现，月球上的水资源分布可能比原先认为的更为广泛，并且不局限于特定区域。不过，这些水源可能并不容易获取。,科技-滚动-探索・发现
http://scitech.people.com.cn/index1.html#fy01,http://scitech.people.com.cn/n1/2018/0301/c1007-29840963.html,中国碳卫星获得 首幅全球叶绿素荧光反演图,记者28日从中科院获悉，中科院遥感地球所研究员刘良云团队利用我国发射的碳卫星数据，开展了全球植被叶绿素荧光卫星反演研究，成功获得了2017年下半年的全球叶绿素荧光产品。	2016年12月22日，我国发射了首颗二氧化碳观测科学实验卫星――TanSat，从而成为全球第3个可提供碳卫星数据的国家。,科技-探索・发现-滚动
http://scitech.people.com.cn/index1.html#fy01,http://scitech.people.com.cn/n1/2018/0301/c1007-29841283.html,食药监总局： 理性看待食品保健品,保健食品包装眼花缭乱让人选择困难？厂家声称产品降糖降脂靠谱吗？国家食品药品监督管理总局提醒消费者：要科学、理性看待食品、保健食品广告和宣传，凡声称疾病预防、治疗功能的，一律不要购买。	食药监总局提醒，消费者应到证照齐全的正规场所购买产品，特别要注意有没有营业执照和食品经营许可证。,科技-滚动-探索・发现
http://scitech.people.com.cn/index1.html#fy01,http://scitech.people.com.cn/n1/2018/0301/c1007-29841267.html,大学生仅15%想当科学家 这个比例小吗,近日，中国人民大学统计学院发布的《大学生使命担当调查研究报告》（以下简称《报告》）显示：58%的大学生希望成为职场精英，仅有15%的大学生希望成为专业领域内的一流专家。（据中国青年报）	如果回顾一下中国学生心目中理想职业的历史，科学家绝对是各个年代的高频词汇。,科技-滚动-探索・发现
http://scitech.people.com.cn/index1.html#fy01,http://scitech.people.com.cn/n1/2018/0301/c1007-29841194.html,用多孔仿生纤维 织就一款北极熊“毛衣”,具有“热隐身”功能的仿生隔热织物，在红外相机下显示隔热效果。卢绍庆供图	生活在极地世界的北极熊是最不怕冷动物之一，原因自然是北极熊自带一身最抗寒的“皮草”。,探索・发现-滚动-科技
http://scitech.people.com.cn/index1.html#fy01,http://scitech.people.com.cn/n1/2018/0301/c1007-29841112.html,月球上的水比预想的多,据国外媒体报道，一项新研究发现，月球上的水资源分布可能比原先认为的更为广泛，并且不局限于特定区域。不过，这些水源可能并不容易获取。,滚动-探索・发现-科技
http://scitech.people.com.cn/index1.html#fy01,http://scitech.people.com.cn/n1/2018/0301/c1007-29840963.html,中国碳卫星获得 首幅全球叶绿素荧光反演图,记者28日从中科院获悉，中科院遥感地球所研究员刘良云团队利用我国发射的碳卫星数据，开展了全球植被叶绿素荧光卫星反演研究，成功获得了2017年下半年的全球叶绿素荧光产品。	2016年12月22日，我国发射了首颗二氧化碳观测科学实验卫星――TanSat，从而成为全球第3个可提供碳卫星数据的国家。,科技-探索・发现-滚动
http://scitech.people.com.cn/index2.html#fy01,http://scitech.people.com.cn/n1/2018/0305/c1007-29847133.html,我国重型火箭500吨级发动机样机年内问世,科技日报北京3月4日电 （记者付毅飞）记者4日从中国航天科技集团六院获悉，我国针对将用于重型火箭的三型液体发动机，正在开展关键技术攻关和方案深化论证工作，已经完成多轮核心组件和部件级联合热试验。其中，500吨级发动机2018年可完成工程样机的整机生产和装配。,科技
http://scitech.people.com.cn/index2.html#fy01,http://scitech.people.com.cn/n1/2018/0305/c1007-29847113.html,我国原初引力波探测五年内出成果,科技日报北京3月4日电 （记者张盖伦）世界海拔最高的原初引力波观测站正在我国西藏阿里地区建设。一旦建成，它将成为人类追寻引力波队伍的强有力战友。,科技
http://scitech.people.com.cn/index2.html#fy01,http://scitech.people.com.cn/n1/2018/0305/c1007-29847110.html,中国已跻身5G“第一梯队”,正在西班牙巴塞罗那举行的2018年世界移动通信大会（MWC）上，5G成为最炙手可热的关键词之一。相比于以往更多谈论的5G概念、框架和可能性，今年的大会中，多款重要突破性中国5G产品“抢鲜”亮相，同时一些日渐成熟中的技术和应用场景也在展会中进行了集中展示，为迎接5G时代的到来开启倒计时。,科技
http://scitech.people.com.cn/index2.html#fy01,http://scitech.people.com.cn/n1/2018/0305/c1007-29847005.html,中国最快磁浮列车年中将下线,据新华社北京3月3日电 （记者阳建、姜琳）全国人大代表、中车株洲电力机车有限公司董事长周清和3日透露，“2.0版”快速磁浮列车正处在紧张的试制组装阶段，计划今年年中下线。这将是中国自主研发的最快时速磁浮列车。,科技
http://scitech.people.com.cn/index2.html#fy01,http://scitech.people.com.cn/n1/2018/0304/c1007-29846383.html,中国人工智能初创公司“吸金力”首超美国,中国人工智能领域初创企业去年获得全球近半数投资，首次超过美国跃居全球第一，这是一份日前公布的美国风险投资行业报告显示的数据。	美国CB Insight市场研究公司发布的《2018年人工智能发展趋势》报告显示，2017年，中国人工智能初创企业股权融资额占全球总量的48%，相比2016年实现了翻倍以上增长，并高出美国10个百分点。,科技
http://scitech.people.com.cn/index2.html#fy01,http://scitech.people.com.cn/n1/2018/0228/c1007-29840238.html,第八届“吴文俊人工智能科学技术奖”评选启动,人民网北京2月28日电（赵竹青）记者从中国人工智能学会获悉，2018年度第八届“吴文俊人工智能科学技术奖”评选活动已正式启动，首次设立200万人民币奖金创历史新高。	是我国智能科学技术领域唯一以吴文俊院士命名，依托社会力量设立的科学技术奖，也是我国智能科学技术领域的最高奖。,科技-科学界-滚动
http://scitech.people.com.cn/index2.html#fy01,http://scitech.people.com.cn/n1/2018/0228/c1007-29840237.html,中国碳卫星获得首幅全球叶绿素荧光反演图,人民网北京2月28日电（赵竹青）近日，我国发射的首颗二氧化碳观测科学实验卫星（TanSat）又出新成果――获得首幅全球叶绿素荧光反演图，该成果反映了全球植被生长状况和植被生产力，可以用来监测地球的“绿色生产力”。	2016年12月22日，我国发射了首颗二氧化碳观测科学实验卫星，使得我国成为全球第3个可提供碳卫星数据的国家。,滚动-独家-科学界
http://scitech.people.com.cn/index2.html#fy01,http://scitech.people.com.cn/n1/2018/0228/c1007-29838910.html,大数据杀熟：最懂你的人伤你最深,在刚刚过去的长假，想必不少人选择以旅游的方式过春节。出门在外自然少不了要订票、订酒店，上网通过各种票务平台解决这些已成为多数人的选择。,滚动-科学界-科技
http://scitech.people.com.cn/index2.html#fy01,http://scitech.people.com.cn/n1/2018/0228/c1007-29838783.html,深层土壤对气候变化响应或存滞后效应,日前，浙江大学生命科学学院程磊教授实验室提出了深层土壤对气候变化响应存在滞后效应的设想。该成果以技术评论的形式，于2月23日刊登在国际学术期刊《科学》杂志上。,滚动-科学界-科技
http://scitech.people.com.cn/index2.html#fy01,http://scitech.people.com.cn/n1/2018/0227/c1007-29836665.html,一言不合就起火 坐飞机时充电宝该怎么携带？,25日，南航一航班起飞前，行李架上行李起火，初查系充电宝所致。 图片来源于网络	一言不合就起火 这下知道为什么充电宝不能托运了吧	‘华龙网2月26日21时讯(首席记者 徐焱) 昨(25)日下午，南方航空一架广州飞往上海的航班在登机时，行李架上行李冒烟起火，初查系充电宝所致。,滚动-科技-科学界
http://scitech.people.com.cn/index2.html#fy01,http://scitech.people.com.cn/n1/2018/0301/c1007-29841089.html,纳米材料间“拉链”性能首获系统认知,记者从上海交通大学了解到，最近一期微纳米研究领域的国际标志性刊物《纳米尺度》（Nanoscale）上，发表了该校李寅峰教授课题组有关二维纳米材料晶界的最新研究成果，系统揭示了石墨烯和氮化硼面内杂化结构中晶界的力学、热学特性和机理。	二维纳米材料具有传统材料无法企及的优异物理化学性能，其性能调控是材料学科和力学学科共同关注的热点。,滚动-科技-产业动态
http://scitech.people.com.cn/index2.html#fy01,http://scitech.people.com.cn/n1/2018/0228/c1007-29838922.html,低轨卫星的安逸时光到头了？,“遨龙一号”太空垃圾清理飞行器想像图	美国“华盛顿自由灯塔”网站近日刊文称，中国和俄罗斯正在研制反卫星导弹和其他反卫星武器，不久将能够破坏或摧毁美国所有低轨道上的卫星，同时对“中俄强大的反卫星武器”做了盘点。	低轨道卫星的轨道高度为200―2000千米，在这个高度范围内的卫星即是低轨道卫星。,科技-产业动态-滚动
http://scitech.people.com.cn/index2.html#fy01,http://scitech.people.com.cn/n1/2018/0228/c1007-29838921.html,清洁能源建设运行有了“度量衡”,日前，据国家能源局网站消息，国家能源局向浙江、四川、西藏、甘肃、宁夏、青海六省区印发通知，决定建立清洁能源示范省（区）建设运行情况监测评价体系。而此次监测评价结果将用于指导各省（区）清洁能源项目建设规模及产业政策调整。,滚动-科技-产业动态
http://scitech.people.com.cn/index2.html#fy01,http://scitech.people.com.cn/n1/2018/0228/c1007-29838876.html,从蹿红到悄无声息 直播答题行业面临洗牌,24日消息，百度旗下好看视频推出的《极速挑战》直播答题活动，目前已经获得国家广电总局批准，成为首个正式回归的直播答题栏目。在整个春节期间，几乎绝大多数主流直播答题平台均变得异常冷清。,产业动态-科技-滚动
http://scitech.people.com.cn/index2.html#fy01,http://scitech.people.com.cn/n1/2018/0228/c1007-29838857.html,共享单车取消月卡优惠 烧钱时代正式结束,日前，摩拜、ofo正式取消了月卡优惠，月卡价格恢复到20元/月。在摩拜客户端上，月卡的价格已从此前的每月2元、每3个月5元的优惠价恢复到20元/月的原价，包年12个月的月卡价格为240元；ofo的客户端也显示，包月卡的价格为20元。,滚动-产业动态-科技
http://scitech.people.com.cn/index2.html#fy01,http://scitech.people.com.cn/n1/2018/0228/c1007-29838802.html,大数据可破解琼州海峡“堵局”,雾锁琼州，10年不遇。自2月18日以来，一场多年罕见的大雾让琼州海峡持续封航，叠加春节黄金周返程高峰，截至2月25日13时，海南省海口市三个港口附近滞留车辆仍接近1万辆。,科技-发明・创新-滚动
http://scitech.people.com.cn/index2.html#fy01,http://scitech.people.com.cn/n1/2018/0228/c1007-29838725.html,长征十一号火箭今年上演海上首秀,记者27日从中国航天科技集团获悉，由该集团一院研制的长征十一号运载火箭，今年将执行我国首次海上发射任务。	据一院长征十一号火箭总指挥杨毅强介绍，实施海上发射任务意味着我国运载火箭向新的服务领域进军，将进一步满足低轨道倾角卫星的发射需要，提高火箭的任务适应性。,滚动-科技-航空・航天
http://scitech.people.com.cn/index2.html#fy01,http://scitech.people.com.cn/n1/2018/0228/c1007-29838710.html,机器学习能重建量子系统首次证明,据物理学家组织网26日报道，科学家首次证明，机器学习可基于较少的实验测量重建量子系统，新方法不仅能帮助物理学家更快速地分析粒子系统，也有助于量子计算机等量子力学应用的发展。研究发表在26日出版的《自然・物理学》杂志上。,发明・创新-科技-滚动
http://scitech.people.com.cn/index2.html#fy01,http://scitech.people.com.cn/n1/2018/0227/c1007-29836586.html,鱼刺卡喉别吞饭喝醋 分分钟可能威胁生命,在刚刚过去的新春佳节里，大快朵颐的时候，你有没有被鱼刺卡过？当时你一定试过喝醋、大口吃饭吞咽等“土方法”来去除鱼刺在喉之苦吧，但这样做真的管用吗？被鱼刺卡住了到底应该怎么办？	喝醋基本无用，还可能伤喉	有的人被鱼刺卡住后拼命地喝醋，认为醋可以溶解由钙构成的鱼刺，达到软化鱼刺的目的。喝了醋之后，软化的鱼刺就会从组织上脱落下来。,滚动-科技-发明・创新
http://scitech.people.com.cn/index2.html#fy01,http://scitech.people.com.cn/n1/2018/0227/c1007-29836485.html,我国科技创新如何加速跻身国际第一方阵,“我国科技创新水平加速迈向国际第一方阵，进入了‘三跑并存’，并跑领跑日益增多的历史性新阶段。”2月26日，科技部部长万钢在国新办举行的发布会上表示，十八大以来，科技创新实现了历史性、整体性、格局性的重大变化，我国已成为一个具有全球影响力的科技创新大国。,滚动-科技-发明・创新
http://scitech.people.com.cn/index2.html#fy01,http://scitech.people.com.cn/n1/2018/0228/c1007-29838824.html,土卫二支持生命存在有新证据,英国《自然・通讯》杂志27日发表的一篇天体生物学论文认为，土卫二上的条件如果与科学家推测相符，就意味着微生物可以利用二氧化碳和氢气生长并产生甲烷。而土卫二岩核内发生的地化反应，可以给这些微生物提供充足氢气。,科技-探索・发现-滚动
http://scitech.people.com.cn/index2.html#fy01,http://scitech.people.com.cn/n1/2018/0228/c1007-29838808.html,美启动眼部黄斑变性追踪研究,美国国立卫生研究院（NIH）官网最新消息称，其国家眼科研究所（NEI）领导的一项新临床研究，将在5年时间内追踪500人，以了解早期老年黄斑变性（AMD）的变化。	AMD是美国50岁以上人群视力障碍和丧失的主要原因。,科技-滚动-探索・发现
http://scitech.people.com.cn/index2.html#fy01,http://scitech.people.com.cn/n1/2018/0228/c1007-29838774.html,肝癌肺转移早期预警网络信号破译,在国家重点研发计划、中科院先导专项及国家自然基金的资助下，复旦大学附属中山医院夏景林教授与中科院细胞生化所陈洛南研究员合作，带领杨毕伟博士、唐文清博士和李美仪博士，经4年研究，在肝癌肺转移发生机制上有了新发现，首次成功应用动态网络标志物（DNB）的方法筛选并绘制了“肝癌肺转移发生前”的早期预警网络信号图，根据该图可观察病程不同阶段的动态变化，对研究肝癌肺转移发生有重要临床价值。相关研究已发表在最新一期《自然・通讯》上。,科技-探索・发现-滚动
http://scitech.people.com.cn/index2.html#fy01,http://scitech.people.com.cn/n1/2018/0228/c1007-29838732.html,基因表达尚“表达”不了死者死亡时间,最近，英国《自然・通讯》杂志发表文章称，欧洲科学家根据生物库的数据分析表明，死亡引起的不同组织的基因表达变化，将可用于估计死者的死亡时间。该消息引发公众广泛关注。,科技-探索・发现-滚动
http://scitech.people.com.cn/index2.html#fy01,http://scitech.people.com.cn/n1/2018/0228/c1007-29838722.html,中国人源自非洲？“许昌人”说不,五千年中华文明，中华儿女被称为“炎黄子孙”。炎黄部落生活在距今约6000年至5500年之间，而“许昌人”生活在10.5万年至12.5万年之间。,科技-滚动-探索・发现
http://scitech.people.com.cn/index2.html#fy01,http://scitech.people.com.cn/n1/2018/0228/c1007-29838824.html,土卫二支持生命存在有新证据,英国《自然・通讯》杂志27日发表的一篇天体生物学论文认为，土卫二上的条件如果与科学家推测相符，就意味着微生物可以利用二氧化碳和氢气生长并产生甲烷。而土卫二岩核内发生的地化反应，可以给这些微生物提供充足氢气。,探索・发现-滚动-科技
http://scitech.people.com.cn/index2.html#fy01,http://scitech.people.com.cn/n1/2018/0228/c1007-29838808.html,美启动眼部黄斑变性追踪研究,美国国立卫生研究院（NIH）官网最新消息称，其国家眼科研究所（NEI）领导的一项新临床研究，将在5年时间内追踪500人，以了解早期老年黄斑变性（AMD）的变化。	AMD是美国50岁以上人群视力障碍和丧失的主要原因。,滚动-探索・发现-科技
http://scitech.people.com.cn/index2.html#fy01,http://scitech.people.com.cn/n1/2018/0228/c1007-29838774.html,肝癌肺转移早期预警网络信号破译,在国家重点研发计划、中科院先导专项及国家自然基金的资助下，复旦大学附属中山医院夏景林教授与中科院细胞生化所陈洛南研究员合作，带领杨毕伟博士、唐文清博士和李美仪博士，经4年研究，在肝癌肺转移发生机制上有了新发现，首次成功应用动态网络标志物（DNB）的方法筛选并绘制了“肝癌肺转移发生前”的早期预警网络信号图，根据该图可观察病程不同阶段的动态变化，对研究肝癌肺转移发生有重要临床价值。相关研究已发表在最新一期《自然・通讯》上。,探索・发现-滚动-科技
http://scitech.people.com.cn/index2.html#fy01,http://scitech.people.com.cn/n1/2018/0228/c1007-29838732.html,基因表达尚“表达”不了死者死亡时间,最近，英国《自然・通讯》杂志发表文章称，欧洲科学家根据生物库的数据分析表明，死亡引起的不同组织的基因表达变化，将可用于估计死者的死亡时间。该消息引发公众广泛关注。,科技-探索・发现-滚动
http://scitech.people.com.cn/index2.html#fy01,http://scitech.people.com.cn/n1/2018/0228/c1007-29838722.html,中国人源自非洲？“许昌人”说不,五千年中华文明，中华儿女被称为“炎黄子孙”。炎黄部落生活在距今约6000年至5500年之间，而“许昌人”生活在10.5万年至12.5万年之间。,科技-滚动-探索・发现
http://scitech.people.com.cn/index3.html#fy01,http://scitech.people.com.cn/n1/2018/0302/c1007-29844578.html,我国将研制发射旗舰级X射线空间天文台,eXTP卫星在轨运行模拟图（中科院国家空间科学中心供图）	人民网北京3月2日电（赵竹青）今天，中国科学院正式启动了增强型X射线时变与偏振（eXTP）空间天文台背景型号项目。作为硬X射线调制望远镜卫星“慧眼”的继任者， eXTP将有望成为在2025-2035年间该领域国际领先的旗舰级X射线空间天文台。,独家-滚动-科技
http://scitech.people.com.cn/index3.html#fy01,http://scitech.people.com.cn/n1/2018/0301/c1007-29842567.html,中国发布首部地理国情蓝皮书:哪个省上学最近?,人民网北京3月1日电（赵竹青）中国首部地理国情蓝皮书2月28日在京发布。蓝皮书显示，河南省城乡居民地到最近小学校区的平均交通距离最小，上海城乡居民地到最近中学校区的平均距离最小。,科技-科学界-滚动
http://scitech.people.com.cn/index3.html#fy01,http://scitech.people.com.cn/n1/2018/0301/c1007-29841388.html,保护知识产权就是保护创新,近日，中共中央办公厅、国务院办公厅印发了《关于加强知识产权审判领域改革创新若干问题的意见》。2月28日，国新办举行新闻发布会，邀请最高人民法院副院长陶凯元介绍《意见》有关情况，并答记者问。,科技-发明・创新-滚动
http://scitech.people.com.cn/index3.html#fy01,http://scitech.people.com.cn/n1/2018/0301/c1007-29841313.html,药膳养生靠不靠谱？,	春节期间播出的《舌尖上的中国3》，因“药食同源”“药膳”“食疗”，一经播出就引发争议，有观众认为，里面所提到的煲汤养生并非人人适用；草药入菜也绝非“缺啥补啥”那么简单，随意食补可能适得其反。	药膳是药和食品的结合	《舌尖上的中国3》热播后，就“药膳究竟是滋补良方还是伪科学”这一话题，引得各方在网上吐槽。,滚动-科技-发明・创新
http://scitech.people.com.cn/index3.html#fy01,http://scitech.people.com.cn/n1/2018/0301/c1007-29841292.html,防治抑郁症 不能忽视中医药,世界卫生组织、世界银行和哈佛大学的最近的一项联合研究表明，抑郁症已居世界十大病种的第4位，预计2020年将跃至第2，紧随心肌梗死之后。近年来，随着人们生活节奏的加快、压力增大，抑郁症的发病率逐年升高。,滚动-科技-产业动态
http://scitech.people.com.cn/index3.html#fy01,http://scitech.people.com.cn/n1/2018/0227/c1007-29836436.html,科学家力促延缓衰老药物走向临床,据英国《自然》杂志近日刊登的13位科学家联名评论文章称，有200多种被划为防衰老剂的药物能延缓许多年龄相关疾病的发生，并增强人体恢复力，为加速这类药物的临床转化，需要采取有效手段和步骤。	已有实验发现，去除转基因小鼠体内的衰老细胞，可以阻止衰老进一步发展。,科技-科学界-滚动
http://scitech.people.com.cn/index3.html#fy01,http://scitech.people.com.cn/n1/2018/0226/c1007-29834965.html,我国半导体量子芯片研究获突破,人民网北京2月26日电 （张歌）根据科技部官网消息，中国科技大学郭光灿院士团队近期在半导体量子芯片研制方面再获新进展，创新性地制备了半导体六量子点芯片，在国际上首次实现了半导体体系中的三量子比特逻辑门操控，为未来研制集成化半导体量子芯片迈出坚实一步。国际应用物理学权威期刊《物理评论应用》日前发表了该成果。,科学界-科技-独家
http://scitech.people.com.cn/index3.html#fy01,http://scitech.people.com.cn/n1/2018/0226/c1007-29834653.html,AI诊疗 已经开始倒数读秒了吗,“有时能治愈，常常去缓解，总是去安慰。”这句名言被认为简洁地阐释了医学的本质，它镌刻在长眠于美国撒拉纳克湖畔的结核病疗养先驱爱德华・利文斯顿・特鲁多医生的墓碑上。,科技-科学界-滚动
http://scitech.people.com.cn/index3.html#fy01,http://scitech.people.com.cn/n1/2018/0226/c1007-29834651.html,波士顿动力展示新视频 机器人可打开房门,　	据机器之心报道，近日，波士顿动力发布了一则新视频，一个人拿着一根曲棍球棒努力阻止机器人开门，比如拖拽，机器人开始不停地挣扎。但是人类的阻止并没有用。,滚动-科技-科学界
http://scitech.people.com.cn/index3.html#fy01,http://scitech.people.com.cn/n1/2018/0226/c1007-29834644.html,当人工智能成为“矛”，“盾”在哪里？,这是一份AI人对AI人发出的警告。	近日，OpenAI等14大知名机构联名发布了一份关于恶意使用人工智能的报告。,滚动-科学界-科技
http://scitech.people.com.cn/index3.html#fy01,http://scitech.people.com.cn/n1/2018/0227/c1007-29836598.html,虚假信息怎么破？ 认清套路看数据！,春节刚过，告别闹钟、告别打卡、告别地铁挤成相片儿的美好假期让人回味，相信假期中很多人还会告别早餐。	如果你还在为自己的任性生活会“透支”多少身体健康而感到惴惴不安，那么有篇公号文章似乎正猜对了你的心思。,科技-产业动态-滚动
http://scitech.people.com.cn/index3.html#fy01,http://scitech.people.com.cn/n1/2018/0227/c1007-29836581.html,社交APP催生“一个人”经济,技术让人们更容易享受孤独，传统社交模式逐渐发生转变。香港《南华早报》近日报道称，广大青年群体普遍存在的“孤独寂寞”感正在催生新的经济领域出现。,滚动-科技-产业动态
http://scitech.people.com.cn/index3.html#fy01,http://scitech.people.com.cn/n1/2018/0227/c1007-29836479.html,5G规模化商用临近 中国企业将唱主角,当地时间2月26日，世界移动通信大会在巴塞罗那开幕。在这个通信行业最重要的年度秀场上，5G再次成为最热的话题，中国企业是最引人关注的烟火。,滚动-科技-产业动态
http://scitech.people.com.cn/index3.html#fy01,http://scitech.people.com.cn/n1/2018/0227/c1007-29836426.html,血液发电法确保心脏起搏器不停跳,俄罗斯科学研究中心代表向俄媒表示，库尔恰托夫研究所的学者研制出利用人血液中的葡萄糖获取电力的方法，这将确保心脏起搏器的不间断运行。	该研究所国家研究中心NVIS技术综合体生物技术和生物能源部副主任巴维尔・戈托夫采夫介绍说，新方法可以从人体血液所含葡萄糖中获得15微瓦至40微瓦的电流。,产业动态-科技-滚动
http://scitech.people.com.cn/index3.html#fy01,http://scitech.people.com.cn/n1/2018/0226/c1007-29834615.html,我率先发现离子通道离子选择性新机制,记者从中国科学技术大学获悉，该校田长麟教授研究组与德国莱布尼茨分子药物所Adam Lange及孙涵课题组合作，应用固体核磁共振、单通道电生理及分子动力学模拟等方法揭示了NaK离子通道的离子选择性新机制。该研究成果已发表在《自然・通讯》上。,滚动-科技-产业动态
http://scitech.people.com.cn/index3.html#fy01,http://scitech.people.com.cn/n1/2018/0227/c1007-29836455.html,电子控制平面人造眼睛问世,据最新一期《科学进展》杂志报道，受人眼启发，美国研究人员开发出一种自适应超透镜，其本质上是一种电子控制的平面人造眼睛。	这种自适应超透镜可同时控制构成图像的三个主要因素：焦距、散光和像移。,科技-发明・创新-滚动
http://scitech.people.com.cn/index3.html#fy01,http://scitech.people.com.cn/n1/2018/0227/c1007-29836421.html,生物兼容绷带能促进愈合防止瘢痕,俄罗斯国家研究型工艺技术大学“莫斯科钢铁合金学院”（NUST MISIS）的年轻学者团体，首次推出一种基于纳米纤维的新型医学材料，由带有抗菌成分和人类血浆组元的薄膜改型处理而成。由此种纤维制成的多层绷带，具备既定机械性能和高度生物兼容性，加入的银纳米粒子或抗生素，能增强抗病毒效果，使组织细胞增长速度加快一倍，促进受损组织复原，并防止严重烧伤伤口形成瘢痕。,科技-发明・创新-滚动
http://scitech.people.com.cn/index3.html#fy01,http://scitech.people.com.cn/n1/2018/0226/c1007-29834649.html,美研发新型机械手臂 拾取之前无需了解物体,据新智元报道，近日，麻省理工学院和普林斯顿大学研究人员开发了一款名为“拾放（pick-and-place）”的系统。“拾放”系统由一个标准的工业机器人手臂组成，研究人员配备了定制的抓手和吸盘。,滚动-科技-发明・创新
http://scitech.people.com.cn/index3.html#fy01,http://scitech.people.com.cn/n1/2018/0226/c1007-29834643.html,博物馆里的“科普使者”,“请大家往一起聚聚，看看这匹马。这件铜奔马青铜器1969年出土于武威雷台汉墓。,滚动-科技-发明・创新
http://scitech.people.com.cn/index3.html#fy01,http://scitech.people.com.cn/n1/2018/0226/c1007-29834642.html,从技校生到首席专家，他上演励志逆袭,从一个普通的农村娃到技校生，从黎明厂一名工人到集团的首席技师，洪家光用奋斗书写了一曲励志传奇。进厂多年，洪家光完成了100多项技术革新，解决了300多个技术难题，在中国航空发动机这片土地上辛勤耕耘。,滚动-科技-发明・创新
http://scitech.people.com.cn/index3.html#fy01,http://scitech.people.com.cn/n1/2018/0228/c1007-29838706.html,到本世纪末，70%的王企鹅可能消失,英国《自然・气候变化》杂志26日在线发表欧洲科学家一篇研究报告称，如果温室气体仍按当前速度继续排放，那么到本世纪末，将有70%的王企鹅被迫骤然迁移或消失。	虽然喜寒物种通常被认为会朝两极迁移以应对气候变暖，但是王企鹅的栖息地很分散，它们只在南大洋岛上持续无冰的地方繁殖，这使其迁移变得复杂。,滚动-探索・发现-科技
http://scitech.people.com.cn/index3.html#fy01,http://scitech.people.com.cn/n1/2018/0227/c1007-29836469.html,时速400公里以上的智能高铁即将驶来,“正在开发400公里时速的变轨距列车、600公里时速的下一代磁浮列车也在进行研究，以后旅客坐进我们的高铁，感觉就会像进入家庭影院一样舒服……”在国务院新闻办公室26日召开的新闻发布会上，中国工程院院士丁荣军向记者描绘了这样一幅“未来高铁”的“畅想图”。	人均能耗比“和谐号”降低17％、84％的技术标准按照中国标准生产、1000多项发明专利构成技术体系……丁荣军介绍，目前我国在高铁领域的研究正驶入创新的“无人区”。,滚动-探索・发现-科技
http://scitech.people.com.cn/index3.html#fy01,http://scitech.people.com.cn/n1/2018/0227/c1007-29836460.html,木卫二可能存在生命再添证据,据物理学家组织网26日报道，巴西科学家称，他们在地球上找到了与木卫二“欧罗巴”（Europa）海底极其类似的环境，为木卫二可能存在生命再添证据。	木卫二是科学家寻找外星生命的主要目标，因为它可能为生命提供了宜居环境：其厚约10千米的冰壳下，是一个超过100千米深的液态水海洋，且源自木卫二与木星之间引力作用的巨大能量使这些水保持温暖。,滚动-探索・发现-科技
http://scitech.people.com.cn/index3.html#fy01,http://scitech.people.com.cn/n1/2018/0226/c1007-29834607.html,大熊猫为何依然爱吃竹子,成都大熊猫繁育研究基地25日发布消息称，该基地科研人员牵头的一项研究证实：大熊猫并不能从竹子的纤维素中获取必需能量，它们选择竹子作为主要食物的原因是这种食物分布广泛、生长迅速且拥有高含量淀粉等，是一种生存“性价比”较高的食物。	大熊猫长着食肉的牙齿却为什么独爱吃竹子，曾一度被大熊猫粉丝们趣称为“百万年之谜”。,科技-探索・发现-滚动
http://scitech.people.com.cn/index3.html#fy01,http://scitech.people.com.cn/n1/2018/0226/c1007-29834280.html,键盘能识别男女：打字习惯直接暴露你的性别,每个人都用不同的习惯，而有些习惯还能区分出使用者的性别。一项新研究显示，计算机模型能够以95.6%的准确性判断打字者的性别差异。,探索・发现-滚动-科技
http://scitech.people.com.cn/index3.html#fy01,http://scitech.people.com.cn/n1/2018/0228/c1007-29838706.html,到本世纪末，70%的王企鹅可能消失,英国《自然・气候变化》杂志26日在线发表欧洲科学家一篇研究报告称，如果温室气体仍按当前速度继续排放，那么到本世纪末，将有70%的王企鹅被迫骤然迁移或消失。	虽然喜寒物种通常被认为会朝两极迁移以应对气候变暖，但是王企鹅的栖息地很分散，它们只在南大洋岛上持续无冰的地方繁殖，这使其迁移变得复杂。,科技-滚动-探索・发现
http://scitech.people.com.cn/index3.html#fy01,http://scitech.people.com.cn/n1/2018/0227/c1007-29836469.html,时速400公里以上的智能高铁即将驶来,“正在开发400公里时速的变轨距列车、600公里时速的下一代磁浮列车也在进行研究，以后旅客坐进我们的高铁，感觉就会像进入家庭影院一样舒服……”在国务院新闻办公室26日召开的新闻发布会上，中国工程院院士丁荣军向记者描绘了这样一幅“未来高铁”的“畅想图”。	人均能耗比“和谐号”降低17％、84％的技术标准按照中国标准生产、1000多项发明专利构成技术体系……丁荣军介绍，目前我国在高铁领域的研究正驶入创新的“无人区”。,滚动-探索・发现-科技
http://scitech.people.com.cn/index3.html#fy01,http://scitech.people.com.cn/n1/2018/0227/c1007-29836460.html,木卫二可能存在生命再添证据,据物理学家组织网26日报道，巴西科学家称，他们在地球上找到了与木卫二“欧罗巴”（Europa）海底极其类似的环境，为木卫二可能存在生命再添证据。	木卫二是科学家寻找外星生命的主要目标，因为它可能为生命提供了宜居环境：其厚约10千米的冰壳下，是一个超过100千米深的液态水海洋，且源自木卫二与木星之间引力作用的巨大能量使这些水保持温暖。,科技-滚动-探索・发现
http://scitech.people.com.cn/index3.html#fy01,http://scitech.people.com.cn/n1/2018/0226/c1007-29834607.html,大熊猫为何依然爱吃竹子,成都大熊猫繁育研究基地25日发布消息称，该基地科研人员牵头的一项研究证实：大熊猫并不能从竹子的纤维素中获取必需能量，它们选择竹子作为主要食物的原因是这种食物分布广泛、生长迅速且拥有高含量淀粉等，是一种生存“性价比”较高的食物。	大熊猫长着食肉的牙齿却为什么独爱吃竹子，曾一度被大熊猫粉丝们趣称为“百万年之谜”。,探索・发现-滚动-科技
http://scitech.people.com.cn/index3.html#fy01,http://scitech.people.com.cn/n1/2018/0226/c1007-29834280.html,键盘能识别男女：打字习惯直接暴露你的性别,每个人都用不同的习惯，而有些习惯还能区分出使用者的性别。一项新研究显示，计算机模型能够以95.6%的准确性判断打字者的性别差异。,科技-探索・发现-滚动
http://scitech.people.com.cn/index4.html#fy01,http://scitech.people.com.cn/n1/2018/0301/c1007-29841283.html,食药监总局： 理性看待食品保健品,保健食品包装眼花缭乱让人选择困难？厂家声称产品降糖降脂靠谱吗？国家食品药品监督管理总局提醒消费者：要科学、理性看待食品、保健食品广告和宣传，凡声称疾病预防、治疗功能的，一律不要购买。	食药监总局提醒，消费者应到证照齐全的正规场所购买产品，特别要注意有没有营业执照和食品经营许可证。,科技-滚动-探索・发现
http://scitech.people.com.cn/index4.html#fy01,http://scitech.people.com.cn/n1/2018/0301/c1007-29841267.html,大学生仅15%想当科学家 这个比例小吗,近日，中国人民大学统计学院发布的《大学生使命担当调查研究报告》（以下简称《报告》）显示：58%的大学生希望成为职场精英，仅有15%的大学生希望成为专业领域内的一流专家。（据中国青年报）	如果回顾一下中国学生心目中理想职业的历史，科学家绝对是各个年代的高频词汇。,科技-滚动-探索・发现
http://scitech.people.com.cn/index4.html#fy01,http://scitech.people.com.cn/n1/2018/0301/c1007-29841260.html,如何激活博士群体科研活力,2月23日，海峡国际会展中心内人头攒动，福州市2018年高校毕业生供需见面会暨博士对接洽谈会在此举办。此次招聘会共有300家用人单位提供了4500个工作岗位，是近年来福州市针对高校毕业生举办的规模最大、涵盖用人单位范围最广、层次最高的现场招聘活动。,滚动-科技-科学界
http://scitech.people.com.cn/index4.html#fy01,http://scitech.people.com.cn/n1/2018/0301/c1007-29841204.html,这次太阳能发电主角 很像你家炒菜的盐,太阳能德令哈熔盐式光热电站		使用熔盐存贮热量的太阳能发电技术	日前，有外媒报道，除了太阳能和风能，清洁能源公司还在考虑使用熔盐发电，美国太阳能储备公司等在推动熔盐能像太阳能和风能一样有效发电，且24小时不间断。	熔（Rong）岩（Yan）发电？乍听上去会不会有撞见火山喷发的凌乱感？其实，这次发电的主角是熔盐，没错，很像你家盐罐里的那厮。,滚动-产业动态-科技
http://scitech.people.com.cn/index4.html#fy01,http://scitech.people.com.cn/n1/2018/0301/c1007-29841200.html,只有废纸篓大小，微型核电站要上太空,Kilopower反应堆	据国外媒体近日报道，美国宇航局和美国能源部合作开发出一种只有废纸篓大小的核反应堆，并称其为“Kilopower”，也就是千瓦级太空反应堆。它能在太空环境中运行，为太空基地提供电能。,科技-产业动态-滚动
http://scitech.people.com.cn/index4.html#fy01,http://scitech.people.com.cn/n1/2018/0226/c1007-29834618.html,移动机器人“冰屏”炫舞“北京八分钟”,图为平昌冬奥会闭幕式上的“北京八分钟”表演。新华社记者 李钢摄	在平昌冬奥会闭幕式的“北京八分钟”中，以人工智能为代表的中国新科技元素惊艳世界。,科学界-科技-滚动
http://scitech.people.com.cn/index4.html#fy01,http://scitech.people.com.cn/n1/2018/0226/c1007-29834578.html,全球病毒组项目欲揪出百万未知病毒,　   据美国《科学新闻》双周刊网站近日报道，定于2018年启动的“全球病毒组项目（Global Virome Project）”计划耗资12亿美元，在今后10年内，确定仍未“现身”的约百万种病毒（其中40%―50%的病毒可能感染人类），以便预防下一次病毒大流行。	俗话说：知己知彼，百战不殆。,滚动-科技-科学界
http://scitech.people.com.cn/index4.html#fy01,http://scitech.people.com.cn/n1/2018/0226/c1007-29834571.html,万颗星成链，网络将从太空来,图片来自网络	随着“猎鹰9号”携带两颗代号分别为Microsat-2a和Microsat-2b的卫星升空，美国太空探索技术公司（SpaceX）严格保密的“星链”（Starlink）计划终于拉开序幕。	“星链”计划的组成，包括1.2万颗卫星――大约10倍于现役卫星数量，2倍于人类历史上所有发射卫星数量。,科学界-科技-滚动
http://scitech.people.com.cn/index4.html#fy01,http://scitech.people.com.cn/n1/2018/0226/c1007-29834565.html,几十年后木星大红斑或会消失,图片来自网络	木星大红斑至少存在了200年甚至更长时间，它是太阳系已知持续最长的风暴。但据美国《大众机械》杂志最新报道，“朱诺”号木星探测器的观测结果显示，大红斑正处于生命周期的最后阶段。,滚动-科学界-科技
http://scitech.people.com.cn/index4.html#fy01,http://scitech.people.com.cn/n1/2018/0226/c1007-29834422.html,三问区块链：是什么？有什么用？会成新风口吗？,人民视觉	近段时间，有关比特币的新闻非常吸睛，区块链也跟着火了一把。资本市场上，各种区块链概念股的股价涨跌犹如过山车般惊心动魄。,滚动-科技-科学界
http://scitech.people.com.cn/index4.html#fy01,http://scitech.people.com.cn/n1/2018/0226/c1007-29834526.html,共享单车小区内乱停放被起诉 信用分能破解难题吗？,近来，“共享单车禁止入内”成为不少小区大门口的一道醒目标识，而一些没有把单车挡在门外的社区就有了自己的“烦恼”。日前，北京一家物业管理公司称，因需保障小区环境秩序和居民出行安全，每天要清理上百辆乱停放的共享单车。,滚动-科技-产业动态
http://scitech.people.com.cn/index4.html#fy01,http://scitech.people.com.cn/n1/2018/0226/c1007-29834426.html,工业级“网红”空气净化器好用？抽检13批次无一合格,随着公众对空气质量的关注，空气净化器年销量逐年攀升，近两年每年都在600万台左右。最近，一种FFU空气净化器在电商平台热销，上海市质监局近期委托上海市环境保护工业行业协会，对这种产品的质量安全进行调查，检测结果令人惊讶。,科技-产业动态-滚动
http://scitech.people.com.cn/index4.html#fy01,http://scitech.people.com.cn/n1/2018/0226/c1007-29834413.html,人工智能有望出现中美双引擎,中国研发的无人驾驶车队在广州南沙正式上路	西班牙《国家报》网站报道称，中国正经历一场真正的人工智能革命，其实力已经可以与目前该行业的领导者美国相竞争。中国人工智能企业依图科技联合创始人兼首席执行官朱珑说：“在我看来，未来5至10年，人工智能领域会出现中美双引擎的格局。,产业动态-科技-滚动
http://scitech.people.com.cn/index4.html#fy01,http://scitech.people.com.cn/n1/2018/0224/c1007-29831840.html,又要买买买了！苹果AirPods或迎来大升级,据外媒2月23日报道，知情人士透露，苹果公司打算升级苹果无线耳机AirPods，以增强其可穿戴性。		像iPhone、iPad和Apple Watch等移动设备产品一样，苹果打算持续升级AirPods的硬件。,产业动态-科技-滚动
http://scitech.people.com.cn/index4.html#fy01,http://scitech.people.com.cn/n1/2018/0224/c1007-29831835.html,三星Galaxy S9将支持最大2TB存储卡扩展,据AH独家报道，三星S9将支持2TB容量的microSD卡扩展 。虽然这是一个很给力的功能，但消息人士称，三星并不打算极力宣传，因为目前市面上最大的microSD卡仅512GB，名牌的话不过SanDisk的400TB，可后者的价格高达250美元。,产业动态-科技-滚动
http://scitech.people.com.cn/index4.html#fy01,http://scitech.people.com.cn/n1/2018/0226/c1007-29834637.html,专注十年，始终选择Hard模式,“慧眼”卫星团队 航天科技集团五院供图	日前，在轨飞行7个月的“慧眼”通过所有“大考”，正式交付用户。卫星在轨运行期间，圆满完成卫星平台、有效载荷、地面应用系统等测试任务。,科技-发明・创新-滚动
http://scitech.people.com.cn/index4.html#fy01,http://scitech.people.com.cn/n1/2018/0226/c1007-29834569.html,月球水可能广泛以羟基形式存在,据《每日科学》官网最新报道，美国国家航空航天局（NASA）分析两次月球任务数据发现，月球的水广泛分布于整个地表，且不局限于特定地区或地形，这些水无论昼夜都会出现，但不一定容易获取。文章发表在最近一期《自然地球科学》杂志上。,航空・航天-科技-发明・创新
http://scitech.people.com.cn/index4.html#fy01,http://scitech.people.com.cn/n1/2018/0226/c1007-29834567.html,35亿光年外发现一批迄今最大规模黑洞,据美国《新闻周刊》在线版近日消息，一个国际天文学团队报告说，他们通过分析钱德拉X射线望远镜数据，在35亿光年外的星系里发现有史以来规模最大的一批黑洞。它们极其庞大，比人们通常所说的超大质量黑洞还要大，近一半黑洞都比太阳重百亿倍以上。,科技-发明・创新-滚动
http://scitech.people.com.cn/index4.html#fy01,http://scitech.people.com.cn/n1/2018/0224/c1007-29831918.html,韩国研究团队发明纳米表面活性剂生物技术,人民网北京2月24日电 （张歌）据科技部网站获悉，韩国科学技术信息通信部发布消息称，韩国先进软性物质研究团组利用纳米粒子研制出表面活性剂。该研究结果刊登在国际学术杂志《自然》上。,科技-发明・创新-独家
http://scitech.people.com.cn/index4.html#fy01,http://scitech.people.com.cn/n1/2018/0224/c1007-29831847.html,突破！中科院阿里云发布国内首个超导量子处理器,2月22日，中科院量子信息与量子科技创新研究院与阿里云宣布，在超导量子计算方向发布11比特的云接入超导量子计算服务。这是继IBM后全球第二家向公众提供10比特以上量子计算云服务的系统。,科技-发明・创新-滚动
http://scitech.people.com.cn/index4.html#fy01,http://scitech.people.com.cn/n1/2018/0226/c1007-29834267.html,木星南极前所未见景象曝光 蓝色漩涡迷人,近日，NASA公布了由“朱诺”号卫星拍摄到的一组木星南极的影像，醒目的蓝色漩涡以复杂的图案扭曲，如同一幅抽象画作，这颗气态巨行星的浓厚大气层创造了令人惊叹的奇观。 图片来源：NASA官网	 		这些照片虽然相似，但实际上是从不同的角度拍摄的，“朱诺”号在木星南极周围运转约40分钟的过程中捕获了这些迷人的图像。,滚动-探索・发现-科技
http://scitech.people.com.cn/index4.html#fy01,http://scitech.people.com.cn/n1/2018/0224/c1007-29831937.html,加拿大发现新的生物标志物有助于更有效治疗癌症,人民网北京2月24日电 （张歌）据科技部网站获悉，加拿大阿尔伯塔大学发现一种叫RYBP的蛋白质可以防止癌细胞自我修复，这可能会有助于更有效治疗癌症。RYBP作为非典型多梳性压抑复合物1（PRC1）的一个成员，与PRC1其它成员一样，被表述为一个转录调控因子，在调控基因表达方面广为人知。,科技-张歌-滚动
http://scitech.people.com.cn/index4.html#fy01,http://scitech.people.com.cn/n1/2018/0224/c1007-29831787.html,可伸缩传感器有助提高慢性病检测效率,英国格拉斯哥大学２２日发布一项研究说，利用高伸缩性材料制作的无线健康传感器有利于糖尿病等慢性病患者日常佩戴，可检测一些关键指标，减少患者血检次数，提高慢性病日常护理效果。	人体汗液中含多种物质，其中就包括血糖和尿素，因此监测汗液中这类物质的水平有助于医生更好地诊断和监控包括糖尿病、肾病以及部分癌症在内的慢性病。,科技-滚动-探索・发现
http://scitech.people.com.cn/index4.html#fy01,http://scitech.people.com.cn/n1/2018/0224/c1007-29831696.html,鸿雁星座工程今年启动 “用户不在服务区”有望终结,2018年我国鸿雁星座首发星任务将执行，全面启动鸿雁星座工程建设。星座建成后，由300余颗卫星和数据业务处理中心组成的全球低轨卫星星座通信系统，将让“您拨叫的用户不在服务区”这句话成为历史。,科技-滚动-探索・发现
http://scitech.people.com.cn/index4.html#fy01,http://scitech.people.com.cn/n1/2018/0224/c1007-29831690.html,我国科学家绘制出全球首个哺乳动物细胞图谱,浙江大学医学院干细胞与再生医学中心郭国骥教授团队研发出低成本、高效率、完全国产化的高通量单细胞测序平台“Microwell―seq”，对来自小白鼠近50种器官组织的40余万个细胞进行了系统性的单细胞转录组分析，绘制出全球首个哺乳动物的细胞图谱。该成果于美国当地时间2月22日中午12点刊登在国际学术期刊《细胞》杂志上。,科技-探索・发现-滚动
http://scitech.people.com.cn/index4.html#fy01,http://scitech.people.com.cn/n1/2018/0226/c1007-29834267.html,木星南极前所未见景象曝光 蓝色漩涡迷人,近日，NASA公布了由“朱诺”号卫星拍摄到的一组木星南极的影像，醒目的蓝色漩涡以复杂的图案扭曲，如同一幅抽象画作，这颗气态巨行星的浓厚大气层创造了令人惊叹的奇观。 图片来源：NASA官网	 		这些照片虽然相似，但实际上是从不同的角度拍摄的，“朱诺”号在木星南极周围运转约40分钟的过程中捕获了这些迷人的图像。,科技-滚动-探索・发现
http://scitech.people.com.cn/index4.html#fy01,http://scitech.people.com.cn/n1/2018/0224/c1007-29831937.html,加拿大发现新的生物标志物有助于更有效治疗癌症,人民网北京2月24日电 （张歌）据科技部网站获悉，加拿大阿尔伯塔大学发现一种叫RYBP的蛋白质可以防止癌细胞自我修复，这可能会有助于更有效治疗癌症。RYBP作为非典型多梳性压抑复合物1（PRC1）的一个成员，与PRC1其它成员一样，被表述为一个转录调控因子，在调控基因表达方面广为人知。,张歌-滚动-独家
http://scitech.people.com.cn/index4.html#fy01,http://scitech.people.com.cn/n1/2018/0224/c1007-29831787.html,可伸缩传感器有助提高慢性病检测效率,英国格拉斯哥大学２２日发布一项研究说，利用高伸缩性材料制作的无线健康传感器有利于糖尿病等慢性病患者日常佩戴，可检测一些关键指标，减少患者血检次数，提高慢性病日常护理效果。	人体汗液中含多种物质，其中就包括血糖和尿素，因此监测汗液中这类物质的水平有助于医生更好地诊断和监控包括糖尿病、肾病以及部分癌症在内的慢性病。,科技-滚动-探索・发现
http://scitech.people.com.cn/index4.html#fy01,http://scitech.people.com.cn/n1/2018/0224/c1007-29831696.html,鸿雁星座工程今年启动 “用户不在服务区”有望终结,2018年我国鸿雁星座首发星任务将执行，全面启动鸿雁星座工程建设。星座建成后，由300余颗卫星和数据业务处理中心组成的全球低轨卫星星座通信系统，将让“您拨叫的用户不在服务区”这句话成为历史。,科技-滚动-探索・发现
http://scitech.people.com.cn/index4.html#fy01,http://scitech.people.com.cn/n1/2018/0224/c1007-29831690.html,我国科学家绘制出全球首个哺乳动物细胞图谱,浙江大学医学院干细胞与再生医学中心郭国骥教授团队研发出低成本、高效率、完全国产化的高通量单细胞测序平台“Microwell―seq”，对来自小白鼠近50种器官组织的40余万个细胞进行了系统性的单细胞转录组分析，绘制出全球首个哺乳动物的细胞图谱。该成果于美国当地时间2月22日中午12点刊登在国际学术期刊《细胞》杂志上。,探索・发现-滚动-科技
http://scitech.people.com.cn/index5.html#fy01,http://scitech.people.com.cn/n1/2018/0301/c1007-29841194.html,用多孔仿生纤维 织就一款北极熊“毛衣”,具有“热隐身”功能的仿生隔热织物，在红外相机下显示隔热效果。卢绍庆供图	生活在极地世界的北极熊是最不怕冷动物之一，原因自然是北极熊自带一身最抗寒的“皮草”。,探索・发现-滚动-科技
http://scitech.people.com.cn/index5.html#fy01,http://scitech.people.com.cn/n1/2018/0301/c1007-29841189.html,冰结构探测机器人 成功用于南极科考,探冰机器人受访者供图	由中国科学院沈阳自动化研究所自主研发的探冰机器人，在我国第34次南极科考中，成功执行了 “南极埃默里冰架地形勘测”项目地面勘察现场试验任务。这也是我国地面机器人首次投入极地考察中的冰盖探路应用。,滚动-科技-产业动态
http://scitech.people.com.cn/index5.html#fy01,http://scitech.people.com.cn/n1/2018/0301/c1007-29841171.html,隔空操作成果武装可穿戴设备还需闯关,	影视作品经常出现这样的镜头，小手一划拉，一面虚拟屏幕就出现在眼前，但是，种种令人心醉神迷的“隔空操作”大多数都是艺术的渲染而非创新成果的落地。不过，有人寄希望于华为新公开的一项专利申请，能够让电影里的高科技进入现实生活。,滚动-科技-科学界
http://scitech.people.com.cn/index5.html#fy01,http://scitech.people.com.cn/n1/2018/0301/c1007-29841147.html,寻找另一个地球 科学家有四大法宝,行星Kepler-186f的艺术构想图		行星运动使光谱发生频率红移和蓝移	仰望星空，在地球之外，是否还存在宜居的星球？这个问题带给人们无限的遐想。	关于宜居行星的探测，不断有好消息传来。,滚动-发明・创新-科技
http://scitech.people.com.cn/index5.html#fy01,http://scitech.people.com.cn/n1/2018/0301/c1007-29841137.html,在春季星空中寻找行星身影,3月19日晚金星、水星将依偎在月亮旁边（示意图）	春回大地，一幕幕精彩天象也如期上演。本月天空的主角是几颗明亮的行星，其中水星将在月中迎来大距，观测条件不错。,滚动-科技-产业动态
http://scitech.people.com.cn/index5.html#fy01,http://scitech.people.com.cn/n1/2018/0224/c1007-29831764.html,科技塑造奥运新“视界”,平昌冬奥会开幕前，本报记者到奥运村采访。在国际区的一家赞助商体验馆，记者和来自世界各地的运动员们一起体验了一次“科技版平昌冬奥场馆”：只要坐在椅子上输入简单的个人信息，并戴上手环，就可以通过VR眼镜现场观看到整个平昌冬奥会的全部比赛场地，完全是一次身临其境、高空俯瞰的体验。,科技-科学界-滚动
http://scitech.people.com.cn/index5.html#fy01,http://scitech.people.com.cn/n1/2018/0224/c1007-29831681.html,新闻分析：上万颗卫星包裹全球，“星链”靠谱吗？,美国太空探索技术公司２２日将该公司卫星互联网项目首批测试卫星送入太空，为搭建由约１．２万颗卫星组成的太空“星链”做准备。	１．２万颗卫星，大约相当于现役卫星数量的１０倍，史上所有发射卫星数量的２倍。,科学界-科技-滚动
http://scitech.people.com.cn/index5.html#fy01,http://scitech.people.com.cn/n1/2018/0223/c1007-29829898.html,他们为极寒高铁擦亮“千里眼”,　 　2月21日，大年初六，凌晨1时，位于哈西的哈尔滨动车所检修库内灯火通明，16组动车组在地库内排列整齐。哈尔滨电务段列控车载设备车间ATP检修工区副工长闫亮走进驾驶室，打开ATP机柜，把携带的笔记本电脑与之接入，轻点鼠标，记录这趟高铁运行的“黑匣子”里的数据就拷贝成功了。,滚动-科技-科学界
http://scitech.people.com.cn/index5.html#fy01,http://scitech.people.com.cn/n1/2018/0223/c1007-29829863.html,脉动极光或由电磁波起伏触发,英国《自然》杂志上近日发表的一篇物理学论文称，日本东京大学科学家通过观察分析，提出了被称为脉动极光的强烈闪烁光源的起源最新见解。这一理论将揭示与等离子物理相关的更多细节，也将用于理解木星和土星上的极光现象。,科技-科学界-滚动
http://scitech.people.com.cn/index5.html#fy01,http://scitech.people.com.cn/n1/2018/0223/c1007-29829805.html,“实验3”号科考船凯旋, 经过12230海里的航行，中国科学院南海海洋研究所“实验3”号科考船圆满完成中国和巴基斯坦首次北印度洋联合考察任务，22日返回广州。	应巴基斯坦国家海洋研究所邀请，“实验3”号科考船于2017年12月30日从广州起航，经马六甲海峡前往北印度洋，于2018年1月14日抵达巴基斯坦外海的莫克兰海沟，开展海洋地质、物理海洋、海洋生物与微生物等多学科综合考察。,科技-科学界-滚动
http://scitech.people.com.cn/index5.html#fy01,http://scitech.people.com.cn/n1/2018/0224/c1007-29831738.html,印度虽推行数字化改变 但4G网速仍为世界最慢,印度可能会走向数字化，但上网高速化仍要面临很大的挑战，尤其是在4G网络方面。据《印度时报》2月22日报道尽管印度电信网络公司宣布大规模推出4G服务，印度的平均网速在世界上仍排名倒数。,科技-产业动态-滚动
http://scitech.people.com.cn/index5.html#fy01,http://scitech.people.com.cn/n1/2018/0223/c1007-29829937.html,纸张薄的钢板上印画，新技术可以分毫不差,生产线上的钢板	记者日前在浙江大学工业技术研究院自主建设的中试车间里看到，一卷卷薄如纸张的钢板像布匹一样在生产线上飞动，各种图案被瞬间印制在钢板上，令人叹为观止。	据了解，这条国内首创的新技术生产线基于钢板覆膜自动连续换膜机构、快速调平及调高装置、钢板覆膜双重纠偏调整装置、高速彩印板高精度视觉比对纠错系统等多项技术专利，生产的彩印钢板厚度从0.3毫米到1毫米不等，彩印工艺为全国最高。,科技-产业动态-滚动
http://scitech.people.com.cn/index5.html#fy01,http://scitech.people.com.cn/n1/2018/0223/c1007-29829902.html,假期余额已用尽，春节综合征怎么治,快乐的日子总是那么短暂。转眼，我们迎来了农历春节假期后的第一个工作日。,滚动-科技-产业动态
http://scitech.people.com.cn/index5.html#fy01,http://scitech.people.com.cn/n1/2018/0223/c1007-29829880.html,今天的技术“新贵”，明天让你受益,图① 传感城市以巨大的传感器网络为基础，收集空气质量、噪声水平及人们的行为等数据。		图② 对抗式生成网络利用两个神经网络，让二者对抗“厮杀”作为训练。,滚动-科技-产业动态
http://scitech.people.com.cn/index5.html#fy01,http://scitech.people.com.cn/n1/2018/0223/c1007-29829859.html,改善视力试剂将进行人体实验,以色列科学家不久前研发出“纳米滴剂”，它滴在实验猪眼角膜后的结果显示，能够改善近视和远视状况。该研究成果已获得了专利，并将在2018年底进行人体临床实验。,滚动-科技-产业动态
http://scitech.people.com.cn/index5.html#fy01,http://scitech.people.com.cn/n1/2018/0224/c1007-29831778.html,移动互联让传统年俗玩出了新花样,根据淘宝、天猫、支付宝、菜鸟、飞猪、高德等10多个平台2月1日―2月18日的运营数据，阿里巴巴在2月21日发布了《2018中国人新年俗报告》。这是阿里巴巴经济体首次以全家福的名义“数据化”中国人春节新习俗，一度淡化的传统年俗在互联网技术的加持下被重塑。,科技-发明・创新-滚动
http://scitech.people.com.cn/index5.html#fy01,http://scitech.people.com.cn/n1/2018/0224/c1007-29831712.html,智能“大数据”护航春运,站在西安高铁北站进站口，６０岁的陕西蓝田县农民李玉琴拉着丈夫张志祥的袖口，不停向里面张望。这是她第一次乘坐高铁，目的地是首都北京。,科技-发明・创新-滚动
http://scitech.people.com.cn/index5.html#fy01,http://scitech.people.com.cn/n1/2018/0223/c1007-29829871.html,FDA首次给脑震荡血检工具开绿灯, 美国食品和药物管理局（FDA）近日向一家公司开了绿灯，允许其出售用以评估轻度创伤性脑损伤或脑震荡的血液检测工具。据《科学美国人》官网报道，FDA认为这种血液检测可以加速诊断，并避免脑部过度暴露于扫描射线。,发明・创新-科技-滚动
http://scitech.people.com.cn/index5.html#fy01,http://scitech.people.com.cn/n1/2018/0223/c1007-29829855.html,全新给药方式可降低癌症复发率,据美国《科学・转化医学》杂志近日刊登的一篇论文称，美国一个科研团队开发出全新给药方式，可通过注射一种特殊凝胶，将化疗药物和免疫治疗药物直接递送到肿瘤部位，再先后释放。该方法有望降低癌症的复发率。,科技-发明・创新-滚动
http://scitech.people.com.cn/index5.html#fy01,http://scitech.people.com.cn/n1/2018/0223/c1007-29829781.html,脂质组学技术揭示拔罐疗法科学原理,中医拔罐治疗有什么科学依据和作用原理？22日，科技日报记者从陆军军医大学第二附属医院（重庆新桥医院）获悉，该院全军肿瘤研究所李咏生团队率先使用小鼠拔罐模型，运用超高效液相-质谱联用仪建立的脂质代谢组学平台，揭示了拔罐疗法导致体内抗炎/促炎脂质代谢谱的变化规律，为拔罐疗法的潜在机制提供了科学支撑。研究论文已于20日在《Cell Physiol Biochem》杂志发表。,科技-发明・创新-滚动
http://scitech.people.com.cn/index5.html#fy01,http://scitech.people.com.cn/n1/2018/0223/c1007-29829950.html,一个“三无”文明的秘密,近日，一个名为玛雅文明水下洞穴探索的项目团队发表声明称，经过几个月的研究，考古学家和潜水员在玛雅文明的摇篮――墨西哥的尤卡坦半岛发现了一条连接两个水下洞穴的通道。该通道长达347公里，或许是世界上最长的被水淹没的洞穴。,滚动-探索・发现-科技
http://scitech.people.com.cn/index5.html#fy01,http://scitech.people.com.cn/n1/2018/0223/c1007-29829892.html,我科研团队发现哮喘治疗新靶标,记者近日从常州大学获悉，上海中医药大学杨永清教授研究团队与该校邓林红教授研究团队合作，发现了哮喘治疗新靶标――肌动蛋白结合蛋白2（Transgelin-2），这将为研发哮喘治疗新药与有效控制哮喘，找到了一条新的路径。研究成果日前已刊登在国际著名期刊《Science Translational Medicine》上，并作为封面文章。,科技-滚动-探索・发现
http://scitech.people.com.cn/index5.html#fy01,http://scitech.people.com.cn/n1/2018/0223/c1007-29829869.html,快速投入使用的 电子战术指挥站,2月21日在LAGO会议中心举办的“大数据”展会上，以色列INTENSE技术公司展示出军民两用产品――“OMEGA电子战术指挥站”。公司首席运营官Yakov Hemo表示，电子战术指挥站（图右）能够安装在汽车或摩托车上，抵达目的地后能够在2分钟内投入使用。,滚动-探索・发现-科技
http://scitech.people.com.cn/index5.html#fy01,http://scitech.people.com.cn/n1/2018/0223/c1007-29829847.html,业余天文学者捕获超新星爆炸第一束光,据《大众机械》杂志官网22日报道，阿根廷一位业余天文学者维克多・布索做了一件前所未有的事情――从一颗巨大恒星的超新星爆发中捕获到第一束光，科学家说，这种发现几率是千万分之一甚至亿分之一。	布索在2017年9月16日测试了自己的40厘米望远镜的新镜头，接下来，他一直专注于观测螺旋星系NGC 613，那里距离地球大约80万光年。,科技-滚动-探索・发现
http://scitech.people.com.cn/index5.html#fy01,http://scitech.people.com.cn/n1/2018/0223/c1007-29829797.html,迄今发现的最远超新星获证,英国南安普敦大学21日发表公报说，天文学家进一步证实了此前发现的罕见超新星是迄今观察到距离地球最远的一颗超新星。	超新星是某些恒星在演化接近末期时经历的一种剧烈爆炸。,探索・发现-滚动-航空・航天
http://scitech.people.com.cn/index5.html#fy01,http://scitech.people.com.cn/n1/2018/0223/c1007-29829950.html,一个“三无”文明的秘密,近日，一个名为玛雅文明水下洞穴探索的项目团队发表声明称，经过几个月的研究，考古学家和潜水员在玛雅文明的摇篮――墨西哥的尤卡坦半岛发现了一条连接两个水下洞穴的通道。该通道长达347公里，或许是世界上最长的被水淹没的洞穴。,滚动-探索・发现-科技
http://scitech.people.com.cn/index5.html#fy01,http://scitech.people.com.cn/n1/2018/0223/c1007-29829892.html,我科研团队发现哮喘治疗新靶标,记者近日从常州大学获悉，上海中医药大学杨永清教授研究团队与该校邓林红教授研究团队合作，发现了哮喘治疗新靶标――肌动蛋白结合蛋白2（Transgelin-2），这将为研发哮喘治疗新药与有效控制哮喘，找到了一条新的路径。研究成果日前已刊登在国际著名期刊《Science Translational Medicine》上，并作为封面文章。,滚动-探索・发现-科技
http://scitech.people.com.cn/index5.html#fy01,http://scitech.people.com.cn/n1/2018/0223/c1007-29829869.html,快速投入使用的 电子战术指挥站,2月21日在LAGO会议中心举办的“大数据”展会上，以色列INTENSE技术公司展示出军民两用产品――“OMEGA电子战术指挥站”。公司首席运营官Yakov Hemo表示，电子战术指挥站（图右）能够安装在汽车或摩托车上，抵达目的地后能够在2分钟内投入使用。,科技-滚动-探索・发现
http://scitech.people.com.cn/index5.html#fy01,http://scitech.people.com.cn/n1/2018/0223/c1007-29829847.html,业余天文学者捕获超新星爆炸第一束光,据《大众机械》杂志官网22日报道，阿根廷一位业余天文学者维克多・布索做了一件前所未有的事情――从一颗巨大恒星的超新星爆发中捕获到第一束光，科学家说，这种发现几率是千万分之一甚至亿分之一。	布索在2017年9月16日测试了自己的40厘米望远镜的新镜头，接下来，他一直专注于观测螺旋星系NGC 613，那里距离地球大约80万光年。,滚动-探索・发现-科技
http://scitech.people.com.cn/index5.html#fy01,http://scitech.people.com.cn/n1/2018/0223/c1007-29829797.html,迄今发现的最远超新星获证,英国南安普敦大学21日发表公报说，天文学家进一步证实了此前发现的罕见超新星是迄今观察到距离地球最远的一颗超新星。	超新星是某些恒星在演化接近末期时经历的一种剧烈爆炸。,探索・发现-滚动-航空・航天
http://scitech.people.com.cn/index6.html#fy01,http://scitech.people.com.cn/n1/2018/0301/c1007-29841120.html,太阳系中的大块头,木星闪耀在晨曦微露的夜空姜雪鹏摄		2016年11月25日，故宫博物院，木星伴残月，其身边的卫星清晰可见。李鹏摄	新春长假已过，人们逐渐回到了自己的工作岗位上，开始了充满活力的全新一年。,科技-科学界-滚动
http://scitech.people.com.cn/index6.html#fy01,http://scitech.people.com.cn/n1/2018/0301/c1007-29841112.html,月球上的水比预想的多,据国外媒体报道，一项新研究发现，月球上的水资源分布可能比原先认为的更为广泛，并且不局限于特定区域。不过，这些水源可能并不容易获取。,滚动-探索・发现-科技
http://scitech.people.com.cn/index6.html#fy01,http://scitech.people.com.cn/n1/2018/0301/c1007-29841089.html,纳米材料间“拉链”性能首获系统认知,记者从上海交通大学了解到，最近一期微纳米研究领域的国际标志性刊物《纳米尺度》（Nanoscale）上，发表了该校李寅峰教授课题组有关二维纳米材料晶界的最新研究成果，系统揭示了石墨烯和氮化硼面内杂化结构中晶界的力学、热学特性和机理。	二维纳米材料具有传统材料无法企及的优异物理化学性能，其性能调控是材料学科和力学学科共同关注的热点。,滚动-科技-产业动态
http://scitech.people.com.cn/index6.html#fy01,http://scitech.people.com.cn/n1/2018/0301/c1007-29841073.html,试管“迷你大脑”可用于研究脑褶皱,以色列魏兹曼科学院研究人员表示，他们找到在试管中培育微型大脑的方法，这种微型大脑可以产生类似人脑的褶皱，研究它可为分析和医治小头症、癫痫和精神分裂症等疾病开辟新道路。	现实生活中，每3万个婴儿中就约有1个婴儿的大脑生来光滑无褶皱，其成长过程中面临重大疾病的威胁，寿命也较正常婴儿短很多。,滚动-科技-发明・创新
http://scitech.people.com.cn/index6.html#fy01,http://scitech.people.com.cn/n1/2018/0301/c1007-29840968.html,《国家生物技术发展战略纲要》启动编制, 28日，由科技部牵头，发改委、财政部共16部委组成的《国家生物技术发展战略纲要》（以下简称《纲要》）编制领导小组第一次会议召开。这意味着《纲要》正式步入编制阶段。,滚动-科技-发明・创新
http://scitech.people.com.cn/index6.html#fy01,http://scitech.people.com.cn/n1/2018/0222/c1007-29828220.html,NASA火星勘测轨道飞行器的新问题令科学家烦恼,最近美国宇航局(NASA)已经有了令人难以置信的好运气，因为一些探测器的表现远远超过了他们的预期，例如“卡西尼号”土星探测器及“机遇号”火星探测器等。不幸的是，于2005年发射并发挥不少火星数据的火星勘测轨道飞行器(MRO)开始令NASA科学家感到头疼。,科技-科学界-滚动
http://scitech.people.com.cn/index6.html#fy01,http://scitech.people.com.cn/n1/2018/0222/c1007-29828126.html,高血压病因实现快速检测,"近日，江苏苏州博源医疗科技有限公司申请的“17-酮类固醇免疫原、抗体和检测试剂及制备方法”的发明专利获得国家知识产权局授权。	“17-酮类固醇是人体分泌的雄性激素的代谢产物,该指标的测定主要用于肾上腺疾病如肿瘤、库欣综合征等的筛查诊断。",科学界-科技-滚动
http://scitech.people.com.cn/index6.html#fy01,http://scitech.people.com.cn/n1/2018/0222/c1007-29828116.html,科学减肥首先要“吃好”,　 　湖北武汉一市民通过节食成功实现减肥，日前却出现头晕疲乏、胸闷心悸、冷汗淋漓等症状，被诊断为低血糖症。专家提醒，减肥时首先应考虑均衡营养的摄入，要“吃好”，否则会出现一系列副作用。,科技-科学界-滚动
http://scitech.people.com.cn/index6.html#fy01,http://scitech.people.com.cn/n1/2018/0222/c1007-29828020.html,寄自远古地球的十封信,白垩纪中期巨须隐翅虫与蘑菇的生态复原图图片由受访者提供	全球首次发现的三维立体胚胎化石揭开了神秘的翼龙有哪些不为人知的生活习性，堪称腕足动物“大百科”的属志研究有什么重要价值，古人类头骨长啥样，古老的树木如何生长……	近日，中国古生物学会在南京发布“2017年度中国古生物学十大进展”评选结果。《发现翼龙伊甸园，揭秘翼龙生命史――大量3D翼龙蛋和胚胎首次发现》《中国显生宙腕足动物属志》《中国许昌发现的晚更新世古老型人类头骨化石》等十项研究成果上榜。,滚动-科技-科学界
http://scitech.people.com.cn/index6.html#fy01,http://scitech.people.com.cn/n1/2018/0222/c1007-29827970.html,北极海冰监测 不要错觉要真相,全球变暖导致北极海冰持续消融		“雪龙”号科考船穿越北极海冰	北极，地球的顶点，这里一直在激发着人类探求的欲望和无尽的想象。	影像中的北极，很容易给人呈现出大陆的错觉，但其绝大部分地区其实没有半寸土地。,滚动-科技-科学界
http://scitech.people.com.cn/index6.html#fy01,http://scitech.people.com.cn/n1/2018/0223/c1007-29829787.html,广东加快污染地块治理与修复,2018年起，广东要逐步完善污染地块名录及开发利用的负面清单，并进行动态更新；在2018年年底前，广东地级以上市要开展1项以上工业污染地块环境调查、风险评估和治理修复试点示范工程……这是近日正式实施的《广东省环境保护厅关于土壤污染治理与修复的规划（2017―2020年）》中提出的。	土壤污染是中国生态环境面临的重要挑战之一。,滚动-科技-产业动态
http://scitech.people.com.cn/index6.html#fy01,http://scitech.people.com.cn/n1/2018/0222/c1007-29827821.html,多维超快光谱有望用于研究分子相互作用,超快光谱的出现，让人们能通过“慢动作”观察到化学反应过程中的原子与分子的转变状态，给化学以及相关科学领域带来一场新的革命。而多维超快光谱被认为是研究生物、化学和功能纳米材料凝聚相动力学的主要工具之一。,科技-产业动态-滚动
http://scitech.people.com.cn/index6.html#fy01,http://scitech.people.com.cn/n1/2018/0214/c1057-29823876.html,新“电子纹身”让可穿戴技术更实用,在英国《自然》旗下《柔性电子》杂志13日在线发表的一篇论文中，中国和美国科学家介绍了一种低成本制造“电子纹身”传感器的方法。这种新的金属传感器厚度仅千分之一毫米左右，可监测人体关键健康参数，如心跳、皮肤温度等。,产业动态-科技-滚动
http://scitech.people.com.cn/index6.html#fy01,http://scitech.people.com.cn/n1/2018/0209/c1007-29815099.html,低温已杀不死电动汽车,央视财经日前报道，在气温较低的情况下，电动汽车在室外放置后会出现电池没电的情况，低温下充电的时间也比在正常气温下长，而在车辆行驶中，电池的里程也会下降的较快。虽然在实验室里，低温电池早就不是新鲜事，但实际运行中却存在着诸多难题。,滚动-科技-产业动态
http://scitech.people.com.cn/index6.html#fy01,http://scitech.people.com.cn/n1/2018/0209/c1007-29815081.html,基因超进化：农作物转基因之外的一条新路径,以往，人们对转基因作物的争论焦点是，把外源基因（如来自病原体、细菌的基因）转入农作物后，外源基因是否存在安全隐患？那么，能否找到一条仅靠农作物自身基因突变，就获取作物抗病虫、抗除草剂等优良性状基因的路径？一种旨在实现上述目标的“基因超进化”技术已在四川诞生，并获四川省科技计划项目支持。	目前，该项目科研团队已通过自主研发的“基因超进化”技术，在实验室内对水稻自身的EPSPS基因（抗草甘膦除草剂基因）进行高通量筛选、分离，促进其定向、高速进化，得到高抗草甘膦的功能性基因，并获得两项发明专利。,产业动态-科技-滚动
http://scitech.people.com.cn/index6.html#fy01,http://scitech.people.com.cn/n1/2018/0222/c1007-29827831.html,日科学家阐释生物为何需要睡眠, 最近，日本东京大学池谷裕二教授领导的一个研究小组发现了睡眠中大脑海马神经电路冷却的机制。该研究阐释了控制脑电路功能的睡眠的作用，明确解答了生物为何需要睡眠这一根源性问题。,滚动-发明・创新-科技
http://scitech.people.com.cn/index6.html#fy01,http://scitech.people.com.cn/n1/2018/0222/c1007-29827823.html,美国“万年钟”开始安装,美国亚马逊公司创始人杰夫・贝索斯20日说，由他投资的“万年钟”项目进展顺利，目前已进入安装阶段。这一项目旨在提醒人们关注未来，以及人类当前活动对后代的影响。,滚动-发明・创新-科技
http://scitech.people.com.cn/index6.html#fy01,http://scitech.people.com.cn/n1/2018/0209/c1007-29815107.html,雪凝来袭 覆冰何以冰解冻释？,近日，在结满冰的电网铁塔上，“电塔敲冰哥”陈长生一边敲冰一边攀爬51米高铁塔为直流融冰做准备的微博图文，在网络上广为流传。部分网民表示不解：经历过十年前冰灾考验的贵州电网，怎么还要人工除冰？	近日，在接受科技日报记者采访时，贵州电力科学研究院副院长文屹表示，贵州电网从预警到融冰其实早已用上高科技，凝冻以来，没有线路因为凝冻灾害而停运。,滚动-发明・创新-科技
http://scitech.people.com.cn/index6.html#fy01,http://scitech.people.com.cn/n1/2018/0209/c1007-29815062.html,癌症竟然和寒武纪大爆发有关？,癌症学家有一个困惑：为什么会有癌细胞？动物干嘛要演化出“癌症体质”？	生物学家有一个谜题：为什么有寒武纪生物大爆发？多细胞动物为何突然出现？	一个新理论绑定了二者：癌症或许是多细胞动物繁荣昌盛的副产品。	大约5.4亿年前到5.3亿年前的寒武纪地层中一下子出现了各种无脊椎动物化石，这被称为寒武纪大爆发。,发明・创新-科技-滚动
http://scitech.people.com.cn/index6.html#fy01,http://scitech.people.com.cn/n1/2018/0209/c1007-29815025.html,科技冬奥：从帮运动员御寒做起,拉尔夫・劳伦的自发热夹克将亮相平昌冬奥会开幕式		美国雪橇队将穿着更保暖的新战袍上阵	图片来源：《科学美国人》官网	来自世界各地的运动员在韩国平昌整装待发，马上要参加2018年冬季奥运会。他们必须用自己的体温抗住来自西伯利亚的寒风，大部分人还将在大约零下13℃的室外“作战”。,滚动-发明・创新-科技
http://scitech.people.com.cn/index6.html#fy01,http://scitech.people.com.cn/n1/2018/0222/c1007-29828216.html,新品种恐龙正被发现 或改变此前对恐龙的认识,似乎每个人在孩童时代都对恐龙充满了好奇。随着年龄的增长，我们倾听科学老师讲解恐龙如何生存和死亡的情况，我们观看关于爬行动物统治地球的纪录片，不少人在成年后会认为了解了不少恐龙的知识。,滚动-探索・发现-科技
http://scitech.people.com.cn/index6.html#fy01,http://scitech.people.com.cn/n1/2018/0222/c1007-29828210.html,研究人员展示室内激光无线充电新技术,蓝牙和 Wi-Fi 已经让人们享受了多年的便利，但是无线充电技术却一直在充电功率和传输距离上拖着后腿。好消息是，一支来自华盛顿大学的研究团队，刚刚演示了他们的“激光室内无线充电解决方案”。,科技-探索・发现-滚动
http://scitech.people.com.cn/index6.html#fy01,http://scitech.people.com.cn/n1/2018/0222/c1007-29828131.html,负面情绪会攻击身体器官？,最近有媒体称，80%以上的人，会以攻击自己身体器官的方式，来消化自己的情绪。殊不知，喜怒哀乐是人类最基本的情绪。,科技-滚动-探索・发现
http://scitech.people.com.cn/index6.html#fy01,http://scitech.people.com.cn/n1/2018/0222/c1007-29828087.html,星空中的烟花,光谱志	春节假期，烟花漫天。在群星间也有一个烟花星系――星系NGC6946。,滚动-探索・发现-科技
http://scitech.people.com.cn/index6.html#fy01,http://scitech.people.com.cn/n1/2018/0222/c1007-29828079.html,古人眼中的扫把星 空间物理学家的宝贝,身边的天文学	在绚烂的夜空中，有时会看到拖着长尾巴的不速之客，这就是彗星。因为有些彗星的尾部看起来好像是一把倒挂着的扫把，在我国彗星也被形象地称为“扫把星”。,科技-滚动-探索・发现
http://scitech.people.com.cn/index6.html#fy01,http://scitech.people.com.cn/n1/2018/0222/c1007-29828216.html,新品种恐龙正被发现 或改变此前对恐龙的认识,似乎每个人在孩童时代都对恐龙充满了好奇。随着年龄的增长，我们倾听科学老师讲解恐龙如何生存和死亡的情况，我们观看关于爬行动物统治地球的纪录片，不少人在成年后会认为了解了不少恐龙的知识。,滚动-探索・发现-科技
http://scitech.people.com.cn/index6.html#fy01,http://scitech.people.com.cn/n1/2018/0222/c1007-29828210.html,研究人员展示室内激光无线充电新技术,蓝牙和 Wi-Fi 已经让人们享受了多年的便利，但是无线充电技术却一直在充电功率和传输距离上拖着后腿。好消息是，一支来自华盛顿大学的研究团队，刚刚演示了他们的“激光室内无线充电解决方案”。,探索・发现-滚动-科技
http://scitech.people.com.cn/index6.html#fy01,http://scitech.people.com.cn/n1/2018/0222/c1007-29828131.html,负面情绪会攻击身体器官？,最近有媒体称，80%以上的人，会以攻击自己身体器官的方式，来消化自己的情绪。殊不知，喜怒哀乐是人类最基本的情绪。,科技-滚动-探索・发现
http://scitech.people.com.cn/index6.html#fy01,http://scitech.people.com.cn/n1/2018/0222/c1007-29828087.html,星空中的烟花,光谱志	春节假期，烟花漫天。在群星间也有一个烟花星系――星系NGC6946。,滚动-探索・发现-科技
http://scitech.people.com.cn/index6.html#fy01,http://scitech.people.com.cn/n1/2018/0222/c1007-29828079.html,古人眼中的扫把星 空间物理学家的宝贝,身边的天文学	在绚烂的夜空中，有时会看到拖着长尾巴的不速之客，这就是彗星。因为有些彗星的尾部看起来好像是一把倒挂着的扫把，在我国彗星也被形象地称为“扫把星”。,滚动-探索・发现-科技
http://scitech.people.com.cn/index7.html#fy01,http://scitech.people.com.cn/n1/2018/0301/c1007-29840963.html,中国碳卫星获得 首幅全球叶绿素荧光反演图,记者28日从中科院获悉，中科院遥感地球所研究员刘良云团队利用我国发射的碳卫星数据，开展了全球植被叶绿素荧光卫星反演研究，成功获得了2017年下半年的全球叶绿素荧光产品。	2016年12月22日，我国发射了首颗二氧化碳观测科学实验卫星――TanSat，从而成为全球第3个可提供碳卫星数据的国家。,探索・发现-滚动-科技
http://scitech.people.com.cn/index7.html#fy01,http://scitech.people.com.cn/n1/2018/0228/c1007-29840238.html,第八届“吴文俊人工智能科学技术奖”评选启动,人民网北京2月28日电（赵竹青）记者从中国人工智能学会获悉，2018年度第八届“吴文俊人工智能科学技术奖”评选活动已正式启动，首次设立200万人民币奖金创历史新高。	是我国智能科学技术领域唯一以吴文俊院士命名，依托社会力量设立的科学技术奖，也是我国智能科学技术领域的最高奖。,滚动-独家-科技
http://scitech.people.com.cn/index7.html#fy01,http://scitech.people.com.cn/n1/2018/0228/c1007-29840237.html,中国碳卫星获得首幅全球叶绿素荧光反演图,人民网北京2月28日电（赵竹青）近日，我国发射的首颗二氧化碳观测科学实验卫星（TanSat）又出新成果――获得首幅全球叶绿素荧光反演图，该成果反映了全球植被生长状况和植被生产力，可以用来监测地球的“绿色生产力”。	2016年12月22日，我国发射了首颗二氧化碳观测科学实验卫星，使得我国成为全球第3个可提供碳卫星数据的国家。,科学界-科技-滚动
http://scitech.people.com.cn/index7.html#fy01,http://scitech.people.com.cn/n1/2018/0228/c1007-29838922.html,低轨卫星的安逸时光到头了？,“遨龙一号”太空垃圾清理飞行器想像图	美国“华盛顿自由灯塔”网站近日刊文称，中国和俄罗斯正在研制反卫星导弹和其他反卫星武器，不久将能够破坏或摧毁美国所有低轨道上的卫星，同时对“中俄强大的反卫星武器”做了盘点。	低轨道卫星的轨道高度为200―2000千米，在这个高度范围内的卫星即是低轨道卫星。,科技-产业动态-滚动
http://scitech.people.com.cn/index7.html#fy01,http://scitech.people.com.cn/n1/2018/0228/c1007-29838921.html,清洁能源建设运行有了“度量衡”,日前，据国家能源局网站消息，国家能源局向浙江、四川、西藏、甘肃、宁夏、青海六省区印发通知，决定建立清洁能源示范省（区）建设运行情况监测评价体系。而此次监测评价结果将用于指导各省（区）清洁能源项目建设规模及产业政策调整。,科技-产业动态-滚动
http://scitech.people.com.cn/index7.html#fy01,http://scitech.people.com.cn/n1/2018/0222/c1007-29827851.html,我半导体量子芯片研制首次实现三量子比特逻辑门,记者从中国科学技术大学获悉，该校郭光灿院士团队近期在半导体量子芯片研制方面再获新进展，创新性地制备了半导体六量子点芯片，在国际上首次实现了半导体体系中的三量子比特逻辑门操控，为未来研制集成化半导体量子芯片迈出坚实一步。国际应用物理学权威期刊《物理评论应用》日前发表了该成果。,滚动-科技-科学界
http://scitech.people.com.cn/index7.html#fy01,http://scitech.people.com.cn/n1/2018/0222/c1007-29827844.html,我国商用卫星物联网计划启动,在国内许多城市普及的共享单车，有时也会遇到尴尬：如果到了网络地面基站覆盖不到的地方，就难以使用；我国在海外的许多重要资产，如海外工程机械、海上钻井平台、石油电力管线和远洋邮轮等，对它们的实时有效管控还不能完全实现。这一切都需要一个强大的全球数据网络来支持。,科技-科学界-航空・航天
http://scitech.people.com.cn/index7.html#fy01,http://scitech.people.com.cn/n1/2018/0222/c1007-29827838.html,基因表达模式或可精准确定死者死亡时间,英国《自然・通讯》杂志近日发表的一篇遗传学论文称，欧洲科学家根据生物库的数据分析表明，死亡引起的不同组织的基因表达变化，将可用于估计死者的死亡时间。该研究认为，通过分析少量可用的组织（如肺或皮肤组织），即可精准确定死亡时间，这或将对法医鉴定产生一定影响。,科技-科学界-滚动
http://scitech.people.com.cn/index7.html#fy01,http://scitech.people.com.cn/n1/2018/0222/c1007-29827780.html,环绕超大黑洞的旋转气云首次现身,根据观测数据描绘的环绕超大黑洞的“甜圈”状气云图片由日本国立天文台提供	一个以今西昌俊为主的日本国立天文台和鹿儿岛大学的研究小组，通过观测螺旋星系M77的中心核，捕捉到了环绕超大黑洞的半径约20光年的“甜圈”状分子气体，并首次清晰地观测到分子气体以黑洞为中心旋转的情形。	宇宙中几乎所有星系中心都存在巨大的黑洞，这些超大黑洞的质量是太阳的数十倍至数亿倍，与其所在星系整体的质量相关联。,滚动-科学界-科技
http://scitech.people.com.cn/index7.html#fy01,http://scitech.people.com.cn/n1/2018/0214/c1007-29824637.html,"我国首颗教育共享卫星""少年星一号""拍回地球照片",少年星一号拍摄的地球照片	人民网北京2月14日电（赵竹青）记者从卫星研制方“九天微星”获悉，我国首颗教育共享卫星“少年星一号”目前已完成在轨测试，正式进入运行阶段，并向建有卫星测控分站的中小学校和教育机构交付使用。	“少年星一号”是由中国宋庆龄基金会、中国科学技术协会和中国教育学会联合发起的“中国少年微星计划”的一部分，旨在为全国中小学生提供测控真实卫星的体验，唤醒学生对未知以及未来的深层探索兴趣。,滚动-独家-科技
http://scitech.people.com.cn/index7.html#fy01,http://scitech.people.com.cn/n1/2018/0209/c1007-29815053.html,咸阳发现秦代“国库” 还原帝国富庶辉煌,带有刻字的石磬残块		秦咸阳城胡家沟建筑遗址	唐人杜牧曾在《阿房宫赋》中用“秦爱纷奢”来描述秦帝国的富庶。经过两年多的发掘，考古工作者在秦咸阳城遗址北区发现秦代大型国家府库遗存，数量庞大、做工精细的编磬见证了秦帝国的辉煌富庶。,滚动-科技-产业动态
http://scitech.people.com.cn/index7.html#fy01,http://scitech.people.com.cn/n1/2018/0209/c1007-29815020.html,平昌冬奥会“5G示范村”纪行,韩国江原道东北部的小村庄义野地村给人的观感，很像冬奥会举办城市平昌。	位于边陲、以悠久历史自豪的义野地，是全球最早部署5G技术的样板村，现在又成为韩国行政安全部、当地政府和平昌冬奥会官方合作伙伴韩国电信共同打造的“5G示范村”。,滚动-产业动态-科技
http://scitech.people.com.cn/index7.html#fy01,http://scitech.people.com.cn/n1/2018/0209/c1007-29814966.html,Roadster跑车上了太空 但特斯拉财报这次亏惨了,据外媒2月8日报道，特斯拉发布2017年第四季度财务报告显示，遭受了史上最严重的季度亏损。不过，该公司也迎来了一次年同比收益暴涨。,滚动-产业动态-科技
http://scitech.people.com.cn/index7.html#fy01,http://scitech.people.com.cn/n1/2018/0208/c1007-29812561.html,新型生物传感器使急性心梗确诊率更高,近日，从中科院长春光机所应用光学国家重点实验室传来最新消息，一种基于光纤耦合器的无标超高灵敏度生物传感器样机数据取得重要突破，对于心肌梗塞、癌症等生物标志物的检测具有重要意义。相关研究成果已发表在国际期刊《生物传感器与生物电子学》上。,滚动-医学・健康-科技
http://scitech.people.com.cn/index7.html#fy01,http://scitech.people.com.cn/n1/2018/0208/c1007-29812555.html,用中国芯“数”中国钱,立春刚过，暖意渐生，年的味道也逐渐浓郁起来。在天津滨海新区空港经济区恒银科技园，也是一派兴旺的好年景。,滚动-科技-产业动态
http://scitech.people.com.cn/index7.html#fy01,http://scitech.people.com.cn/n1/2018/0209/c1007-29814990.html,英国健康数据研究获巨额投资,英国新成立的健康和生物医疗数据科学研究所――英国健康数据研究（HDR UK）获得了首期3000万英镑经费，旨在利用数据科学应对各种卫生保健问题的挑战。	HDR UK总监安德鲁・莫里斯教授说：“在最高伦理标准指导下，通过与国民健康医疗体系和工业界伙伴的密切合作，HDR UK将充分利用全英的各种数据，这将释放数据和技术的潜力，驱动医疗研究领域的突破，改善预防、检测和诊断疾病（如癌症、心脏病等）的方法。,滚动-发明・创新-科技
http://scitech.people.com.cn/index7.html#fy01,http://scitech.people.com.cn/n1/2018/0209/c1007-29814983.html,从克隆猴的成功谈中国创新,克隆猴诞生的消息让媒体蜂拥而上，可爱的“中中”“华华”萌态不断刷屏，让2018年新春多了一道创新大礼。	这一成果所体现的是具有中国特色的创新活动正在不断深入，尽管仍然缺乏具有领军性质的原始创新，通俗地讲就是具有潜力问鼎诺奖的成果，但结合不断取得的成绩，我们可能也要转变一下――对科学本身而言，问鼎诺奖一定是最重要的目标吗？	同样的问题也可以用来探讨工业界的创新路径。,滚动-科技-发明・创新
http://scitech.people.com.cn/index7.html#fy01,http://scitech.people.com.cn/n1/2018/0209/c1007-29814947.html,“飞天特斯拉”的假太空人有任务：在测试宇航服,据TechCrunch报道，今天，SpaceX把一个名为“Starman”的假人送往太空展开太空之旅。事实证明，它绝非是个噱头，其真实目的是在太空环境中测试SpaceX的宇航服。,滚动-科技-航空・航天
http://scitech.people.com.cn/index7.html#fy01,http://scitech.people.com.cn/n1/2018/0209/c1007-29814862.html,自带“空调”电子元件可耐340℃高温,电脑突然蓝屏，手机强制关机，汽车需要熄火……明明电量充足为什么会出现这些让人措手不及的状况？也许因为它们都太热了！记者8日从南京大学获悉，该校缪峰教授团队研发出一种能够摆脱对冷却系统依赖的电子元件，相关成果在《自然・电子学》杂志刊发。	手机、电脑、汽车控制系统等电子设备里含有大量负责运算和存储的电子元件，一般而言，这些器件的工作温度均不能超过125℃，否则就会导致计算结果出错或者数据丢失。,滚动-发明・创新-科技
http://scitech.people.com.cn/index7.html#fy01,http://scitech.people.com.cn/n1/2018/0209/c1007-29814860.html,强激光实验首次证明光可阻碍电子,据物理学家组织网7日报道，英国团队用超强激光照射电子，首次在实验室展示了光让电子速度减慢的辐射反应，这揭示了超越经典物理的动力学，并暗示量子效应的存在，有助于科学家更好地理解宇宙内某些最极端环境中发生的现象以及量子电动力学。	当光线照射一个物体时，一些光会从物体表面散射回来，但如果物体移动速度够快，且光线够强，就会发生奇怪的事情。,滚动-科技-发明・创新
http://scitech.people.com.cn/index7.html#fy01,http://scitech.people.com.cn/n1/2018/0222/c1007-29827861.html,大型火箭的过去、现在与未来,2018年美国东部时间2月6日约15:48，SpaceX公司开发的猎鹰重型火箭在美国佛罗里达州卡纳维拉尔角的肯尼迪航天中心39号发射台（LC-39A）首飞成功，此后成功回收两枚助推火箭，并飞向地球―火星轨道。猎鹰重型火箭高度是70米，直径12.2米，可以将63.8吨物资送到“近地球轨道”，它的成功首飞，使其成为当今世界上最强大的火箭。,科技-滚动-探索・发现
http://scitech.people.com.cn/index7.html#fy01,http://scitech.people.com.cn/n1/2018/0222/c1007-29827810.html,新方法可确定银粒子抗菌效果和安全性,在医疗领域，银纳米粒子对于抵御感染性疾病具有重要意义。不过，如何更加安全使用这种纳米粒子，仍是需要考虑的问题――基于银纳米粒子的抗微生物剂，是否可以促进持久的杀菌效果，并且不会对人体产生有害的毒副作用？	此次，都柏林大学三一学院研究人员安德里勒・普林那-梅勒及同事在《英国皇家学会开放科学》上发表论文称，他们提出了一个有效的多步骤方法，可以对此进行鉴定，从而最大限度提高含有银纳米颗粒（如表面涂层）的医疗器械的抗微生物活性，并最大限度地减少对人类健康的任何风险。,科技-滚动-探索・发现
http://scitech.people.com.cn/index7.html#fy01,http://scitech.people.com.cn/n1/2018/0209/c1007-29815067.html,东北虎豹国家公园自然资源监测系统开通,"8日,记者从国家林业局获悉，东北虎豹国家公园自然资源监测系统正式开通。这是全球首个真正实现虎豹国家公园大面积全覆盖的智能化自然资源监测、评估和管理体系。",科技-滚动-探索・发现
http://scitech.people.com.cn/index7.html#fy01,http://scitech.people.com.cn/n1/2018/0209/c1007-29815046.html,罕见景观 神奇自然的伟大馈赠,俄罗斯摄影师在飞过阿姆斯特丹的空中拍到了不可思议的一幕:一架飞机的影子被一圈彩虹光晕包围着。这是光与悬浮在大气中的冰晶相互作用的结果。,探索・发现-滚动-科技
http://scitech.people.com.cn/index7.html#fy01,http://scitech.people.com.cn/n1/2018/0209/c1007-29815010.html,超级木材可替代合金,英国《自然》杂志8日发表了一项材料学最新进展：美国科学家研发出一种可以将天然木材制成高性能结构材料的全新简易方法。这种新问世的密实木材，无论是强度、韧性，还是抗弹性能，都表现出众，不但质量极轻，耐用度还几乎高于目前所有结构金属和合金。,科技-滚动-探索・发现
http://scitech.people.com.cn/index7.html#fy01,http://scitech.people.com.cn/n1/2018/0222/c1007-29827861.html,大型火箭的过去、现在与未来,2018年美国东部时间2月6日约15:48，SpaceX公司开发的猎鹰重型火箭在美国佛罗里达州卡纳维拉尔角的肯尼迪航天中心39号发射台（LC-39A）首飞成功，此后成功回收两枚助推火箭，并飞向地球―火星轨道。猎鹰重型火箭高度是70米，直径12.2米，可以将63.8吨物资送到“近地球轨道”，它的成功首飞，使其成为当今世界上最强大的火箭。,科技-滚动-探索・发现
http://scitech.people.com.cn/index7.html#fy01,http://scitech.people.com.cn/n1/2018/0222/c1007-29827810.html,新方法可确定银粒子抗菌效果和安全性,在医疗领域，银纳米粒子对于抵御感染性疾病具有重要意义。不过，如何更加安全使用这种纳米粒子，仍是需要考虑的问题――基于银纳米粒子的抗微生物剂，是否可以促进持久的杀菌效果，并且不会对人体产生有害的毒副作用？	此次，都柏林大学三一学院研究人员安德里勒・普林那-梅勒及同事在《英国皇家学会开放科学》上发表论文称，他们提出了一个有效的多步骤方法，可以对此进行鉴定，从而最大限度提高含有银纳米颗粒（如表面涂层）的医疗器械的抗微生物活性，并最大限度地减少对人类健康的任何风险。,滚动-探索・发现-科技
http://scitech.people.com.cn/index7.html#fy01,http://scitech.people.com.cn/n1/2018/0209/c1007-29815067.html,东北虎豹国家公园自然资源监测系统开通,"8日,记者从国家林业局获悉，东北虎豹国家公园自然资源监测系统正式开通。这是全球首个真正实现虎豹国家公园大面积全覆盖的智能化自然资源监测、评估和管理体系。",滚动-探索・发现-科技
http://scitech.people.com.cn/index7.html#fy01,http://scitech.people.com.cn/n1/2018/0209/c1007-29815046.html,罕见景观 神奇自然的伟大馈赠,俄罗斯摄影师在飞过阿姆斯特丹的空中拍到了不可思议的一幕:一架飞机的影子被一圈彩虹光晕包围着。这是光与悬浮在大气中的冰晶相互作用的结果。,探索・发现-滚动-科技
http://scitech.people.com.cn/index7.html#fy01,http://scitech.people.com.cn/n1/2018/0209/c1007-29815010.html,超级木材可替代合金,英国《自然》杂志8日发表了一项材料学最新进展：美国科学家研发出一种可以将天然木材制成高性能结构材料的全新简易方法。这种新问世的密实木材，无论是强度、韧性，还是抗弹性能，都表现出众，不但质量极轻，耐用度还几乎高于目前所有结构金属和合金。,滚动-探索・发现-科技
http://scitech.people.com.cn/index8.html#fy01,http://scitech.people.com.cn/n1/2018/0228/c1007-29838910.html,大数据杀熟：最懂你的人伤你最深,在刚刚过去的长假，想必不少人选择以旅游的方式过春节。出门在外自然少不了要订票、订酒店，上网通过各种票务平台解决这些已成为多数人的选择。,滚动-科学界-科技
http://scitech.people.com.cn/index8.html#fy01,http://scitech.people.com.cn/n1/2018/0228/c1007-29838876.html,从蹿红到悄无声息 直播答题行业面临洗牌,24日消息，百度旗下好看视频推出的《极速挑战》直播答题活动，目前已经获得国家广电总局批准，成为首个正式回归的直播答题栏目。在整个春节期间，几乎绝大多数主流直播答题平台均变得异常冷清。,滚动-产业动态-科技
http://scitech.people.com.cn/index8.html#fy01,http://scitech.people.com.cn/n1/2018/0228/c1007-29838857.html,共享单车取消月卡优惠 烧钱时代正式结束,日前，摩拜、ofo正式取消了月卡优惠，月卡价格恢复到20元/月。在摩拜客户端上，月卡的价格已从此前的每月2元、每3个月5元的优惠价恢复到20元/月的原价，包年12个月的月卡价格为240元；ofo的客户端也显示，包月卡的价格为20元。,滚动-产业动态-科技
http://scitech.people.com.cn/index8.html#fy01,http://scitech.people.com.cn/n1/2018/0228/c1007-29838824.html,土卫二支持生命存在有新证据,英国《自然・通讯》杂志27日发表的一篇天体生物学论文认为，土卫二上的条件如果与科学家推测相符，就意味着微生物可以利用二氧化碳和氢气生长并产生甲烷。而土卫二岩核内发生的地化反应，可以给这些微生物提供充足氢气。,科技-探索・发现-滚动
http://scitech.people.com.cn/index8.html#fy01,http://scitech.people.com.cn/n1/2018/0228/c1007-29838816.html,7个青光眼易感基因区域认定,日本理化学研究所与日本东北大学的研究小组对开角型青光眼实施了全基因组关联分析（GWAS），认定了7个新的易感基因区域。	青光眼是视神经受损的眼病，在日本占失明原因的第一位。,滚动-医学・健康-科技
http://scitech.people.com.cn/index8.html#fy01,http://scitech.people.com.cn/n1/2018/0214/c1057-29823878.html,罕见鱼类基因组揭示生存“秘诀”,英国《自然・生态与演化》杂志近日在线发表的一篇研究报告称，德国及美国科学家对一种单性繁殖的鱼类的基因组测序，揭示了其令人惊叹的生存状况。该发现出人意料，因为单性繁殖一直被认为会导致基因组退化。,科技-科学界-滚动
http://scitech.people.com.cn/index8.html#fy01,http://scitech.people.com.cn/n1/2018/0213/c1007-29822689.html,中科院：五年时间建成国际地球大数据科学中心,人民网北京2月13日电（赵竹青）“大数据已成为与自然资源、人力资源一样重要的战略资源。”12日，中国科学院启动了“地球大数据科学工程”战略性先导科技专项，计划用五年时间，建成具有全球影响力的国际地球大数据科学中心，为“美丽中国”、“一带一路”等建设提供决策支持。,滚动-独家-科技
http://scitech.people.com.cn/index8.html#fy01,http://scitech.people.com.cn/n1/2018/0209/c1007-29815083.html,我第五座南极考察站选址奠基,记者8日从国家海洋局获悉，我国第五座南极考察站7日正式在南极三大湾系之一的罗斯海区域沿岸的恩克斯堡岛选址奠基，我国极地科考事业再次迈出了里程碑的一步。	“未来，中国在罗斯海地区将会有支撑点，这将极大提高我国极地科学考察能力。,科技-科学界-滚动
http://scitech.people.com.cn/index8.html#fy01,http://scitech.people.com.cn/n1/2018/0209/c1007-29815073.html,中国石油天然气国内产量首超千亿方,据中国石油最新消息，作为国内最大的油气主供应商，中国石油2017年天然气国内产量首次突破千亿立方米的历史节点，达到1033亿立方米，同比增长5.3%；占国内天然气总产量的70.1%、消费量的44%；天然气在油气结构中占比逼近半壁江山，达到46.4%，成为中国石油新的经济增长点。对建设美丽中国的贡献相当于一年新种植14.2亿棵树木。,滚动-科技-科学界
http://scitech.people.com.cn/index8.html#fy01,http://scitech.people.com.cn/n1/2018/0209/c1007-29814955.html,中国运载火箭总设计师：超越猎鹰的火箭只待立项,美国太空探索公司(Space X)成功发射“猎鹰重型”运载火箭的消息，一日之间占刷爆了“朋友圈”。北京时间7日凌晨4点45分，在两次临时推迟后，“猎鹰重型”火箭成功发射，两枚助推器也成功回收。,科技-科学界-滚动
http://scitech.people.com.cn/index8.html#fy01,http://scitech.people.com.cn/n1/2018/0207/c1007-29810329.html,世界最小火箭发射升空 机体由家电零件构成,据英国《每日邮报》2月5日报道，日本宇宙航空开发研究机构(JAXA)2月3日午夜前后在内之浦宇宙空间观测所成功发射了迄今最小的火箭SS-520。火箭已搭载迷你卫星TRICOM-1R进入预定轨道。,滚动-科技-产业动态
http://scitech.people.com.cn/index8.html#fy01,http://scitech.people.com.cn/n1/2018/0207/c1007-29810317.html,苹果发布iOS 11.3新测试版：可以手动降频了,之前苹果的“降速门”让一众果粉纷纷高呼：“心寒”。但好在苹果及时对此事作出了补救方法。,滚动-产业动态-科技
http://scitech.people.com.cn/index8.html#fy01,http://scitech.people.com.cn/n1/2018/0207/c1007-29810236.html,智能音箱成控制中心尚需时日,据报道，苹果智能音箱HomePod已开始接受预订，并于2月9日发货。这是苹果推出的首款智能音箱。,科技-产业动态-滚动
http://scitech.people.com.cn/index8.html#fy01,http://scitech.people.com.cn/n1/2018/0207/c1007-29810152.html,互联网寻人背后的温情：帮3573个家庭团圆,1月的某一天，已过80岁的汤利柏独自走出了家门。他患有阿尔茨海默症。,滚动-科技-产业动态
http://scitech.people.com.cn/index8.html#fy01,http://scitech.people.com.cn/n1/2018/0207/c1007-29810147.html,我国建成LNG完整产业链,中国海油、中国石化6日同时宣布，来自不同产地的液化天然气（LNG）分别在其各自位于天津的LNG接收站码头成功卸载，经气化后将通过配套管网向京津冀鲁地区供气，可有效缓解华北地区今冬天然气供需紧张。	从2006年6月国内首个LNG接收站广东大鹏项目建成投运至今，我国用不到12年的时间建成从上游海外LNG资源基地建设、天然气勘探、开发，到中游LNG船跨洋运输、LNG接收站建设、天然气管网管道建设，再到下游天然气发电、汽车加气、工业用气、LNG冷能利用等全环节覆盖的完整产业链，并有多项技术指标国际领先。,滚动-科技-产业动态
http://scitech.people.com.cn/index8.html#fy01,http://scitech.people.com.cn/n1/2018/0208/c1007-29812667.html,旅行青蛙，能治愈你的孤独吗,最近一段时间，旅行青蛙APP被誉为治愈系游戏，可以帮助人们缓解孤独症状。怕孤独，或许是人类的通病。,滚动-科技-发明・创新
http://scitech.people.com.cn/index8.html#fy01,http://scitech.people.com.cn/n1/2018/0208/c1007-29812658.html,一滴尿液“秒查” 人体代谢状态,记者近日从中国科学院合肥物质科学研究院了解到，该院医学物理与技术中心研究室科研人员在体液检测研究中取得进展，他们发展了超声雾化萃取―质子转移反应质谱（UNE-PTR-MS）技术，可实现对一滴尿液中挥发性有机物（VOCs）的高灵敏快速检测，相关研究结果日前发表在著名学术刊物《分析化学》上。	新陈代谢是指机体与机体内环境之间的物质和能量交换以及生物体内物质和能量的自我更新过程。,滚动-发明・创新-科技
http://scitech.people.com.cn/index8.html#fy01,http://scitech.people.com.cn/n1/2018/0208/c1007-29812643.html,私人探月梦何时能实现,谷歌“月球X大奖”宣传图片	“月球X大奖”勇敢地尝试将“探月”这一难度极高的太空项目，由耗资巨大的国家行为转为经济高效的私人行为，为人类未来探索太空的新方式打开了一扇窗。	由X奖基金会发起，搜索巨头谷歌公司赞助的太空竞赛“月球X大奖”日前已宣告结束，但没有任何一支团队能得到两千万美元的头奖。,滚动-科技-航空・航天
http://scitech.people.com.cn/index8.html#fy01,http://scitech.people.com.cn/n1/2018/0208/c1007-29812578.html,小核糖核酸分子可调控肿瘤血管新生,来自中国科学院昆明动物研究所的消息，国际学术期刊《致癌基因》最新发表了该所肿瘤生物学学科组陈策实课题组的成果，他们在小核糖核酸分子调控乳腺癌血管新生功能及机制的研究中取得了重要进展。	据陈策实研究员介绍，实体瘤生长，需依赖于血液提供充足的营养和氧气。,发明・创新-科技-滚动
http://scitech.people.com.cn/index8.html#fy01,http://scitech.people.com.cn/n1/2018/0208/c1007-29812520.html,新型便携装置两秒检测水质,以色列初创企业Lishtot研发出一种名为TestDrop的便携式水质检测装置，通过检测杯中水引起的电场变化，并采用特殊算法分析这些变化，两秒内就可检测到水中有无大肠杆菌、铅、砷、汞、铜和氯等污染物。	该装置外形如钥匙扣，操作方法非常简单：用户只需将TestDrop指向水杯，蓝灯亮起则意味着水是完全干净的；红灯亮起则表明水受到了污染。,滚动-科技-发明・创新
http://scitech.people.com.cn/index8.html#fy01,http://scitech.people.com.cn/n1/2018/0209/c1007-29814987.html,人工智能机遇与挑战 听听专家怎么说,8日，李开复再次刷屏。当天，北京前沿国际人工智能研究院在京成立，创新工场董事长李开复任首任院长。,滚动-探索・发现-科技
http://scitech.people.com.cn/index8.html#fy01,http://scitech.people.com.cn/n1/2018/0208/c1007-29812632.html,细胞可能会 从基因层面“听音”,新知	据新华社报道，日本京都大学研究人员最新发现，细胞能在基因层面对声音产生应答，这有望帮助揭开生命与声音的根本关系。	声音是动物个体识别外界环境以及交流的主要途径，动物个体声音的重要性不言而喻，然而几乎没有发现在细胞水平上是否有识别声音的机制。,科技-滚动-探索・发现
http://scitech.people.com.cn/index8.html#fy01,http://scitech.people.com.cn/n1/2018/0208/c1007-29812629.html,微塑料污染 威胁海洋滤食动物,据新华社报道，一项国际研究日前发现，海洋微塑料污染会对鲱鱼和须鲸等海洋滤食性动物的生长和繁殖带来不利影响。这再次警示了微塑料对海洋生态系统的危害。,滚动-探索・发现-科技
http://scitech.people.com.cn/index8.html#fy01,http://scitech.people.com.cn/n1/2018/0208/c1007-29812611.html,看，月亮“长”光环了,身边的天文学	1月29日晚上，北京夜空的月亮周围出现了一个白亮的光环，将月亮包围其中，其色皎皎然。“这就是月晕。,滚动-探索・发现-科技
http://scitech.people.com.cn/index8.html#fy01,http://scitech.people.com.cn/n1/2018/0208/c1007-29812597.html,狮子座： 春季星空中反写的问号,2016年12月27日午夜，内蒙古七星湖景区的狮子与夜空中的“狮子座”遥相呼应。戴建峰摄	立春过后，大地渐回暖，星空更灿烂。,滚动-探索・发现-科技
http://scitech.people.com.cn/index8.html#fy01,http://scitech.people.com.cn/n1/2018/0209/c1007-29814987.html,人工智能机遇与挑战 听听专家怎么说,8日，李开复再次刷屏。当天，北京前沿国际人工智能研究院在京成立，创新工场董事长李开复任首任院长。,科技-滚动-探索・发现
http://scitech.people.com.cn/index8.html#fy01,http://scitech.people.com.cn/n1/2018/0208/c1007-29812632.html,细胞可能会 从基因层面“听音”,新知	据新华社报道，日本京都大学研究人员最新发现，细胞能在基因层面对声音产生应答，这有望帮助揭开生命与声音的根本关系。	声音是动物个体识别外界环境以及交流的主要途径，动物个体声音的重要性不言而喻，然而几乎没有发现在细胞水平上是否有识别声音的机制。,科技-滚动-探索・发现
http://scitech.people.com.cn/index8.html#fy01,http://scitech.people.com.cn/n1/2018/0208/c1007-29812629.html,微塑料污染 威胁海洋滤食动物,据新华社报道，一项国际研究日前发现，海洋微塑料污染会对鲱鱼和须鲸等海洋滤食性动物的生长和繁殖带来不利影响。这再次警示了微塑料对海洋生态系统的危害。,科技-滚动-探索・发现
http://scitech.people.com.cn/index8.html#fy01,http://scitech.people.com.cn/n1/2018/0208/c1007-29812611.html,看，月亮“长”光环了,身边的天文学	1月29日晚上，北京夜空的月亮周围出现了一个白亮的光环，将月亮包围其中，其色皎皎然。“这就是月晕。,科技-航空・航天-滚动
http://scitech.people.com.cn/index8.html#fy01,http://scitech.people.com.cn/n1/2018/0208/c1007-29812597.html,狮子座： 春季星空中反写的问号,2016年12月27日午夜，内蒙古七星湖景区的狮子与夜空中的“狮子座”遥相呼应。戴建峰摄	立春过后，大地渐回暖，星空更灿烂。,滚动-探索・发现-科技
http://scitech.people.com.cn/index9.html#fy01,http://scitech.people.com.cn/n1/2018/0228/c1007-29838808.html,美启动眼部黄斑变性追踪研究,美国国立卫生研究院（NIH）官网最新消息称，其国家眼科研究所（NEI）领导的一项新临床研究，将在5年时间内追踪500人，以了解早期老年黄斑变性（AMD）的变化。	AMD是美国50岁以上人群视力障碍和丧失的主要原因。,滚动-探索・发现-科技
http://scitech.people.com.cn/index9.html#fy01,http://scitech.people.com.cn/n1/2018/0228/c1007-29838802.html,大数据可破解琼州海峡“堵局”,雾锁琼州，10年不遇。自2月18日以来，一场多年罕见的大雾让琼州海峡持续封航，叠加春节黄金周返程高峰，截至2月25日13时，海南省海口市三个港口附近滞留车辆仍接近1万辆。,科技-发明・创新-滚动
http://scitech.people.com.cn/index9.html#fy01,http://scitech.people.com.cn/n1/2018/0228/c1007-29838783.html,深层土壤对气候变化响应或存滞后效应,日前，浙江大学生命科学学院程磊教授实验室提出了深层土壤对气候变化响应存在滞后效应的设想。该成果以技术评论的形式，于2月23日刊登在国际学术期刊《科学》杂志上。,滚动-科学界-科技
http://scitech.people.com.cn/index9.html#fy01,http://scitech.people.com.cn/n1/2018/0228/c1007-29838774.html,肝癌肺转移早期预警网络信号破译,在国家重点研发计划、中科院先导专项及国家自然基金的资助下，复旦大学附属中山医院夏景林教授与中科院细胞生化所陈洛南研究员合作，带领杨毕伟博士、唐文清博士和李美仪博士，经4年研究，在肝癌肺转移发生机制上有了新发现，首次成功应用动态网络标志物（DNB）的方法筛选并绘制了“肝癌肺转移发生前”的早期预警网络信号图，根据该图可观察病程不同阶段的动态变化，对研究肝癌肺转移发生有重要临床价值。相关研究已发表在最新一期《自然・通讯》上。,科技-探索・发现-滚动
http://scitech.people.com.cn/index9.html#fy01,http://scitech.people.com.cn/n1/2018/0228/c1007-29838732.html,基因表达尚“表达”不了死者死亡时间,最近，英国《自然・通讯》杂志发表文章称，欧洲科学家根据生物库的数据分析表明，死亡引起的不同组织的基因表达变化，将可用于估计死者的死亡时间。该消息引发公众广泛关注。,科技-探索・发现-滚动
http://scitech.people.com.cn/index9.html#fy01,http://scitech.people.com.cn/n1/2018/0209/c1007-29814845.html,5000℃！超离子水冰首次“现形”,据英国《独立报》官网6日报道，美国科学家在5000℃高温下，首次创造了一种奇特的水态，称为“超离子水冰”。研究人员认为，这种物质是太阳系中遥远行星结构的关键组成部分，这一成果或有助于研究海王星和天王星的磁场。,滚动-科技-科学界
http://scitech.people.com.cn/index9.html#fy01,http://scitech.people.com.cn/n1/2018/0208/c1007-29814239.html,全球地球科学领域首个大数据刊物在华创刊,人民网北京2月8日电（赵竹青）近日，地球科学领域大数据开放获取国际学术刊物《地球大数据（Big Earth Data）》正式创刊，成为全球地球科学领域的第一个大数据刊物。	“大数据正在成为知识经济时代的战略高地，成为国家和全球的新型战略资源。,滚动-独家-科学界
http://scitech.people.com.cn/index9.html#fy01,http://scitech.people.com.cn/n1/2018/0208/c1007-29812637.html,雷打雪，没那么神秘,我国北方多个城市曾出现过雷打雪天气	极度低温、大规模降雪、停电……年初，冬季风暴“格雷森”席卷了美国东海岸，给人们生活带来不便的同时，也让纽约州和新英格兰州部分地区的人们，有机会见识到一种罕见而激动人心的现象――雷打雪。	雷打雪，这不会又是一种新型极端天气吧，看到此，有民众不免产生这样的疑问。,科学界-科技-滚动
http://scitech.people.com.cn/index9.html#fy01,http://scitech.people.com.cn/n1/2018/0208/c1007-29812622.html,常见昆虫 也面临灭绝威胁,据新华社报道，最近几十年全球昆虫数量呈持续减少趋势。人们一直认为只有一些对栖息地要求高的珍稀昆虫濒临灭绝，但新研究发现即便一些常见昆虫也面临巨大威胁。,科技-科学界-滚动
http://scitech.people.com.cn/index9.html#fy01,http://scitech.people.com.cn/n1/2018/0208/c1007-29812606.html,苹果因为引力落地？ 这会不会是错觉,时空弯曲与光线的引力偏折		用微引力透镜寻找行星示意图	从牛顿时代开始，引力便出现在科学研究的各种场合。而最近，它帮助人类“看”到了银河系外的行星。,科技-科学界-滚动
http://scitech.people.com.cn/index9.html#fy01,http://scitech.people.com.cn/n1/2018/0206/c1007-29808131.html,欧空局将发射航天器监测太阳风暴,据英国《每日电讯报》网站近日报道，欧洲空间局（ESA）计划发射新航天器，监测可能导致地球通信瘫痪的巨大太阳风暴，该航天器可在具有破坏性的太阳风暴爆发前数天发出预警。	这一任务名为“拉格朗日”（Lagrange），将向太阳和地球之间的某个固定位置发射一个航天器。,科技-产业动态-航空・航天
http://scitech.people.com.cn/index9.html#fy01,http://scitech.people.com.cn/n1/2018/0206/c1007-29808130.html,冬奥新项目想获奖？物理定律可帮忙,运动员在比赛中图片来源：《科学美国人》官网	即将在韩国平昌举行的冬季奥运会，新增了单板滑雪大跳台、速度滑冰及冰壶混双等几个新项目。而单板滑雪大跳台可能最抓眼球，因为高达49米的世界第一高滑雪坡道，将创造惊人的新技巧，危险而壮观的滑雪动作。,科技-产业动态-滚动
http://scitech.people.com.cn/index9.html#fy01,http://scitech.people.com.cn/n1/2018/0206/c1007-29808125.html,核燃料元件能用新材料替代,俄罗斯国立核能研究大学―莫斯科工程物理学院的科学家在与中国清华大学工程物理系的合作框架下，研究了使用同位素改性钼替代锆合金制造核反应堆燃料元件的可能性，并证明了这种方式能提高核反应堆的安全性。研究结果发表在《化学工程研究与设计》杂志上。,科技-产业动态-滚动
http://scitech.people.com.cn/index9.html#fy01,http://scitech.people.com.cn/n1/2018/0206/c1007-29808123.html,优化铀浓缩工厂有新途径,在俄罗斯，铀是在多级分离装置中浓缩的，即包含几千个气体离心机的级联。这种工厂设施建设和运行耗资极大，探索其优化途径就是一个重要的任务。,科技-产业动态-滚动
http://scitech.people.com.cn/index9.html#fy01,http://scitech.people.com.cn/n1/2018/0205/c1007-29805769.html,iPhone X又现奇葩BUG：苹果称目前还在调查中,虽然苹果的iPhone X已经发布了不少时日，但是有关于iPhone X的问题还是很多。据英国《金融时报》消息，越来越多的iPhone X用户反映，他们的手机在有电话接入时，iPhone X只有铃声响起，手机屏幕却没有任何反应，这让很多用户心烦不已。,产业动态-科技-滚动
http://scitech.people.com.cn/index9.html#fy01,http://scitech.people.com.cn/n1/2018/0208/c1007-29812495.html,带着跑车奔火星，“猎鹰重型”挑战技术极限,北京时间2月7日，“猎鹰重型”运载火箭从美国佛罗里达州肯尼迪航天中心发射升空。	新华社发（美国航空航天局供图）	太空探索技术公司（SpaceX）官网、美国全国广播公司网站、哥伦比亚广播公司网站7日消息称，“猎鹰重型”火箭首次发射成功，标志着人类商业太空探索的重大突破。,滚动-发明・创新-科技
http://scitech.people.com.cn/index9.html#fy01,http://scitech.people.com.cn/n1/2018/0207/c1007-29810266.html,海上风电施工又添新利器,记者从天津港航工程公司获悉，代表目前我国海上风电施工装备最高水平，总投资3亿元的“港航平9”多功能海上自升式施工平台船日前正式交付使用。这也是目前国内交付的起重量最大、功能最全面、技术最先进的海上风电施工平台，标志着我国海上风电建设迈向世界一流水准。,滚动-科技-发明・创新
http://scitech.people.com.cn/index9.html#fy01,http://scitech.people.com.cn/n1/2018/0207/c1007-29810263.html,北京每万人发明专利拥有量达94.6件,北京市知识产权局局长汪洪在6日召开的2018年北京市知识产权工作会上介绍，北京知识产权创造从“高数量”增长向“高质量”发展转变。2017年年末，北京市每万人发明专利拥有量达94.6件，居全国首位，是全国平均水平的近10倍。,滚动-科技-发明・创新
http://scitech.people.com.cn/index9.html#fy01,http://scitech.people.com.cn/n1/2018/0207/c1007-29810114.html,世界最大综合孔径射电望远镜首台天线出厂,“第一台天线样机的成功研制不仅是SKA工程研发的一个重大成果，它还展现了中国智慧，代表了我国持续参与国际大科学工程的决心。”在6日举行的平方公里阵列射电望远镜（SKA）首台天线样机出厂仪式上，科技部副部长黄卫说。,滚动-发明・创新-科技
http://scitech.people.com.cn/index9.html#fy01,http://scitech.people.com.cn/n1/2018/0207/c1007-29810108.html,干细胞临床治疗心脏病有了“金标准”,记者6日从苏州大学获悉，该校附属第一医院心脏大血管外科沈振亚教授团队完成的《干细胞治疗心血管疾病临床转化的关键技术研究》项目，获2017年度中华医学科技奖一等奖，其技术方案取得了中华医学会干细胞治疗心脏疾病专家的共识，成为国内干细胞应用于临床治疗心脏疾病的“金标准”。	我国目前有冠心病患者1100万，心力衰竭患者450万，且数量还在逐年递增。,滚动-科技-发明・创新
http://scitech.people.com.cn/index9.html#fy01,http://scitech.people.com.cn/n1/2018/0208/c1007-29812543.html,到火星地下搜寻生命或更靠谱,目前，科学家一直在火星表面进行探索，希望能发现生命的“蛛丝马迹”，但据美国每日科学网站6日报道，中国香港大学科学家的最新研究指出，火星表面存在生命的可能性值得怀疑，到其地表之下搜寻可能更靠谱，火星上的热液系统值得关注。	香港大学地球科学与空间研究实验室的约瑟夫・米卡斯基博士和同事在《自然・天文学》2月刊上撰文指出，在过去25亿年里，地球表面生命的繁衍生息在很大程度上要归功于光合作用的演化。,科技-探索・发现-滚动
http://scitech.people.com.cn/index9.html#fy01,http://scitech.people.com.cn/n1/2018/0208/c1007-29812537.html,长效抗HIV药可抑制病毒至少四周,据英国《自然・通讯》杂志7日发表的一项医学最新研究，美国科学家在小鼠实验中展示了一种长效、可注射的抗人类免疫缺陷病毒（HIV，即艾滋病病毒）药物。其一剂注射中包含的药物浓度，足以抑制HIV在小鼠血液及组织中复制至少一个月。,科技-滚动-医学・健康
http://scitech.people.com.cn/index9.html#fy01,http://scitech.people.com.cn/n1/2018/0208/c1007-29812530.html,小龙虾基因组序列出炉揭秘缘由,一个新物种如何在短时间内崛起，基因组测序可以提供线索。英国《自然・生态与进化》杂志5日在线发表的一篇论文，首次报告了美洲龙纹螯虾的基因组序列，有助于揭示这种单性繁殖的动物，如何在短短20年间就从德国宠物贸易的宠儿，变为马达加斯加的强大入侵生物。,滚动-探索・发现-科技
http://scitech.people.com.cn/index9.html#fy01,http://scitech.people.com.cn/n1/2018/0207/c1007-29810255.html,天基红外预警卫星 永不疲惫的太空“哨兵”,2013年3月19日，一枚阿特拉斯V型运载火箭发射升空，将美国空军的SBIRS GEO-2送入预定轨道。		由火箭摄像机拍摄的SBIRS卫星投入外太空现场图。,科技-滚动-探索・发现
http://scitech.people.com.cn/index9.html#fy01,http://scitech.people.com.cn/n1/2018/0207/c1007-29810183.html,“深度思维”让人工智能成功检测眼病,据英国《金融时报》在线版近日消息称，继“阿法狗”之后，谷歌旗下人工智能子公司――“深度思维”（DeepMind）已成功训练一种人工智能（AI）算法检测疾病，比人类专家更迅速、更高效，这或是AI在医疗领域的首个重大应用。	2017年5月，当“深度思维”最知名的人工智能――“阿法狗”战胜围棋世界冠军柯洁后，该公司就宣布此后这一程序不再参加到人机大战的竞技中去。,科技-滚动-探索・发现
http://scitech.people.com.cn/index9.html#fy01,http://scitech.people.com.cn/n1/2018/0208/c1007-29812543.html,到火星地下搜寻生命或更靠谱,目前，科学家一直在火星表面进行探索，希望能发现生命的“蛛丝马迹”，但据美国每日科学网站6日报道，中国香港大学科学家的最新研究指出，火星表面存在生命的可能性值得怀疑，到其地表之下搜寻可能更靠谱，火星上的热液系统值得关注。	香港大学地球科学与空间研究实验室的约瑟夫・米卡斯基博士和同事在《自然・天文学》2月刊上撰文指出，在过去25亿年里，地球表面生命的繁衍生息在很大程度上要归功于光合作用的演化。,科技-探索・发现-滚动
http://scitech.people.com.cn/index9.html#fy01,http://scitech.people.com.cn/n1/2018/0208/c1007-29812537.html,长效抗HIV药可抑制病毒至少四周,据英国《自然・通讯》杂志7日发表的一项医学最新研究，美国科学家在小鼠实验中展示了一种长效、可注射的抗人类免疫缺陷病毒（HIV，即艾滋病病毒）药物。其一剂注射中包含的药物浓度，足以抑制HIV在小鼠血液及组织中复制至少一个月。,科技-滚动-医学・健康
http://scitech.people.com.cn/index9.html#fy01,http://scitech.people.com.cn/n1/2018/0208/c1007-29812530.html,小龙虾基因组序列出炉揭秘缘由,一个新物种如何在短时间内崛起，基因组测序可以提供线索。英国《自然・生态与进化》杂志5日在线发表的一篇论文，首次报告了美洲龙纹螯虾的基因组序列，有助于揭示这种单性繁殖的动物，如何在短短20年间就从德国宠物贸易的宠儿，变为马达加斯加的强大入侵生物。,滚动-探索・发现-科技
http://scitech.people.com.cn/index9.html#fy01,http://scitech.people.com.cn/n1/2018/0207/c1007-29810255.html,天基红外预警卫星 永不疲惫的太空“哨兵”,2013年3月19日，一枚阿特拉斯V型运载火箭发射升空，将美国空军的SBIRS GEO-2送入预定轨道。		由火箭摄像机拍摄的SBIRS卫星投入外太空现场图。,科技-滚动-探索・发现
http://scitech.people.com.cn/index9.html#fy01,http://scitech.people.com.cn/n1/2018/0207/c1007-29810183.html,“深度思维”让人工智能成功检测眼病,据英国《金融时报》在线版近日消息称，继“阿法狗”之后，谷歌旗下人工智能子公司――“深度思维”（DeepMind）已成功训练一种人工智能（AI）算法检测疾病，比人类专家更迅速、更高效，这或是AI在医疗领域的首个重大应用。	2017年5月，当“深度思维”最知名的人工智能――“阿法狗”战胜围棋世界冠军柯洁后，该公司就宣布此后这一程序不再参加到人机大战的竞技中去。,滚动-探索・发现-科技
http://scitech.people.com.cn/index10.html#fy01,http://scitech.people.com.cn/n1/2018/0228/c1007-29838725.html,长征十一号火箭今年上演海上首秀,记者27日从中国航天科技集团获悉，由该集团一院研制的长征十一号运载火箭，今年将执行我国首次海上发射任务。	据一院长征十一号火箭总指挥杨毅强介绍，实施海上发射任务意味着我国运载火箭向新的服务领域进军，将进一步满足低轨道倾角卫星的发射需要，提高火箭的任务适应性。,科技-航空・航天-发明・创新
http://scitech.people.com.cn/index10.html#fy01,http://scitech.people.com.cn/n1/2018/0228/c1007-29838722.html,中国人源自非洲？“许昌人”说不,五千年中华文明，中华儿女被称为“炎黄子孙”。炎黄部落生活在距今约6000年至5500年之间，而“许昌人”生活在10.5万年至12.5万年之间。,科技-滚动-探索・发现
http://scitech.people.com.cn/index10.html#fy01,http://scitech.people.com.cn/n1/2018/0228/c1007-29838710.html,机器学习能重建量子系统首次证明,据物理学家组织网26日报道，科学家首次证明，机器学习可基于较少的实验测量重建量子系统，新方法不仅能帮助物理学家更快速地分析粒子系统，也有助于量子计算机等量子力学应用的发展。研究发表在26日出版的《自然・物理学》杂志上。,发明・创新-科技-滚动
http://scitech.people.com.cn/index10.html#fy01,http://scitech.people.com.cn/n1/2018/0228/c1007-29838706.html,到本世纪末，70%的王企鹅可能消失,英国《自然・气候变化》杂志26日在线发表欧洲科学家一篇研究报告称，如果温室气体仍按当前速度继续排放，那么到本世纪末，将有70%的王企鹅被迫骤然迁移或消失。	虽然喜寒物种通常被认为会朝两极迁移以应对气候变暖，但是王企鹅的栖息地很分散，它们只在南大洋岛上持续无冰的地方繁殖，这使其迁移变得复杂。,滚动-探索・发现-科技
http://scitech.people.com.cn/index10.html#fy01,http://scitech.people.com.cn/n1/2018/0227/c1007-29837894.html,我国首次海上火箭发射任务将由长征十一号于2018年执行,新华社北京2月27日电（记者胡�矗�2018年，我国运载火箭将实现海上发射“首秀”。记者27日从中国航天科技集团获悉，长征十一号运载火箭今年将执行5次发射，包括4次陆上发射和1次海上发射。,科技
http://scitech.people.com.cn/index10.html#fy01,http://scitech.people.com.cn/n1/2018/0208/c1007-29812584.html,助SKA巡天，国际大科学工程闪耀中国智慧,2月6日下午3时许，在位于石家庄的中国电科54所工程现场，随着启动声响，静立多时的平方公里阵列射电望远镜（SKA）首台天线样机开始缓缓转身。作为人类历史上最大的望远镜阵列――SKA由10多国科学家共同研制，建设中每一个重要节点都备受瞩目。,科技-科学界-滚动
http://scitech.people.com.cn/index10.html#fy01,http://scitech.people.com.cn/n1/2018/0208/c1007-29812475.html,国家发改委：战略性新兴产业景气指数创新高,记者7日从国家发改委获悉，2017年我国战略性新兴产业实现加速增长，景气指数再创新高。	2017年，战略性新兴产业工业部分增加值同比增长11%，高于规模以上工业4.4个百分点，引领作用进一步突显。,科技-科学界-滚动
http://scitech.people.com.cn/index10.html#fy01,http://scitech.people.com.cn/n1/2018/0208/c1007-29812468.html,发射一颗私人卫星要分几步,一周内，发生了两件商业航天的标志性事件：7日凌晨，20层楼高的SpaceX“猎鹰重型”火箭把埃隆・马斯克的红色特斯拉跑车送入太空。几天前的2日，我国民营企业家冯仑的私人卫星――鞋盒大小的“风马牛一号”成功发射，这是我国首颗私人卫星。,科技-科学界-航空・航天
http://scitech.people.com.cn/index10.html#fy01,http://scitech.people.com.cn/n1/2018/0208/c1007-29812460.html,二氧化钒掺点儿杂 性能飙升数量级,记者从中科院合肥物质科学研究院了解到，该院固体物理所纳米材料与纳米结构研究室费广涛研究员课题组，在W掺杂有序二氧化钒纳米线阵列光电性能研究方面取得最新进展。日前相关研究结果发表在国际学术刊物《应用表面科学》上。,滚动-科技-科学界
http://scitech.people.com.cn/index10.html#fy01,http://scitech.people.com.cn/n1/2018/0207/c1007-29810334.html,中国主导：为人类最大天文设备造“耳朵”,人类史上建造的最庞大天文设备、由十多个国家共同参与的“平方公里阵列射电望远镜(SKA)”项目，虽然选址确定在自然条件得天独厚的澳大利亚等8国，但该望远镜核心设备――天线样机的研制却是由中国主导完成。	2月6日下午，由中国主导研制的SKA首台天线(SKA-P)在中国电子科技集团公司第五十四研究所(简称54所)启动。,滚动-科学界-科技
http://scitech.people.com.cn/index10.html#fy01,http://scitech.people.com.cn/n1/2018/0205/c1007-29805594.html,深度学习论战 AI大神们在吵什么,真应了《笑傲江湖》里那句：“有人的地方就会有江湖，有江湖就有恩怨。”只是这次的江湖和恩怨都源自人工智能而不是人。,滚动-科技-产业动态
http://scitech.people.com.cn/index10.html#fy01,http://scitech.people.com.cn/n1/2018/0205/c1007-29805590.html,强人工智能是潘多拉魔盒吗,“人工智能国际主流学界所持的目标是弱人工智能，也少有人致力于强人工智能。那么，这是不是因为强人工智能‘太难’，所以大家‘退而求其次’呢？不然。,产业动态-科技-滚动
http://scitech.people.com.cn/index10.html#fy01,http://scitech.people.com.cn/n1/2018/0205/c1007-29805584.html,硅谷机器人公司Nuro 发布Level 4无人配送车,新鲜事	据网易科技报道，近日，硅谷机器人技术公司Nuro宣布发布Level 4全自动无人配送车。	这款产品不是为低速园区内或者人行道而设计的，而是可以在绝大多数城市内的地面道路上行驶。,科技-产业动态-滚动
http://scitech.people.com.cn/index10.html#fy01,http://scitech.people.com.cn/n1/2018/0205/c1007-29805512.html,世界凤尾蕨属系统发育关系获重建,来自中国科学院昆明植物研究所的消息，该所东亚植物多样性与生物地理学重点实验室张良博士与美国密苏里植物园的张丽兵研究员合作，重建了世界凤尾蕨属的系统发育关系。研究成果发表于近期的系统进化主流期刊《分子系统发育与进化》上。,滚动-科技-产业动态
http://scitech.people.com.cn/index10.html#fy01,http://scitech.people.com.cn/n1/2018/0202/c1007-29802101.html,国产轨道交通网络控制芯片问世,近日，在中车大连电牵公司实验室，首枚国产轨道交通控制芯片被嵌入了网络控制系统。随着发车开关的合龙，200多万条控制命令通过这枚只有指甲大小的芯片精准传导，驱动高铁列车驰骋。,滚动-科技-产业动态
http://scitech.people.com.cn/index10.html#fy01,http://scitech.people.com.cn/n1/2018/0206/c1007-29808227.html,纳米缓释技术可大幅减少农药用量,记者从中科院合肥物质科学研究院获悉，该院技术生物所吴正岩研究员课题组，研制出一种以多孔碳酸钙为载体的纳米缓释农药，可显著提高农药利用率，减少农药用量，降低农药引发的农业面源污染，对于实施乡村振兴战略具有重要意义。相关成果日前已被美国化学会绿色化工领域核心期刊《可持续化学与工程》接收发表。,滚动-科技-发明・创新
http://scitech.people.com.cn/index10.html#fy01,http://scitech.people.com.cn/n1/2018/0206/c1007-29808224.html,你考虑过手机电池的感受吗,很多人发现，使用一些日子后，手机电池充电越来越快，待机时间却越来越短。为了让自己的手机电池更耐用，很多人选择求助于网络，照着“如何延长电池续航能力”的小贴士上说的方法做。,科技-发明・创新-滚动
http://scitech.people.com.cn/index10.html#fy01,http://scitech.people.com.cn/n1/2018/0206/c1007-29808218.html,互联网时代，我们的“胃口”有多大,随着互联网发展和消费升级，“吃”，已从一日三餐演变为经济现象：新的商业模式兴起，新行当炙手可热，新职业让人趋之若鹜，与“吃”有关的创业创新层出不穷。	我们的“胃口”有多大？国家统计局数据显示，去年仅餐饮业收入就接近4万亿元。,发明・创新-科技-滚动
http://scitech.people.com.cn/index10.html#fy01,http://scitech.people.com.cn/n1/2018/0206/c1007-29808215.html,吐口唾沫就能测艾滋病？NO,月销售2万件的爆款商品是什么？	在不久前的第30个“世界艾滋病日”，某网购平台上一商户宣称，累积销售40万的艾滋病检测试纸，当月有近2.5万人付款，累计评论14万条。	这种艾滋病检测试纸，准确地说是“通过口腔黏膜渗出液检测HIV抗体的方法”。,科技-发明・创新-滚动
http://scitech.people.com.cn/index10.html#fy01,http://scitech.people.com.cn/n1/2018/0205/c1007-29805811.html,太空旅行不是梦：2020年可能有太空五星级酒店,太空旅行恐怕不是梦了。据外媒报道，俄罗斯能源火箭航天公司(RKK Energia)拟在2019年推出太空旅游计划，2020年时，还可能会有太空旅行时的五星级酒店。,科技-发明・创新-滚动
http://scitech.people.com.cn/index10.html#fy01,http://scitech.people.com.cn/n1/2018/0207/c1007-29810122.html,臭氧层怪现象：南极空洞在愈合，中纬度地区在变薄,上个月在《地球物理研究通讯》上发表的研究指出，南极上空的平流层臭氧层正在愈合。没想到，6日出版在《大气化学和物理》杂志中的一篇分析报告认为，在大多数人居住的中纬度地区，平流层下方的臭氧层变得更加脆弱，这让科学家难以理解。,科技-滚动-探索・发现
http://scitech.people.com.cn/index10.html#fy01,http://scitech.people.com.cn/n1/2018/0206/c1007-29808128.html,阿尔茨海默病有望靠验血预警,英国《自然》杂志近日在线报告了一项最新研究成果：大脑中的β-淀粉样蛋白沉积物是阿尔茨海默病最早期的病理特征，而今科学家终于发现了可预测它的血浆生物标志物，并有望在临床上广泛应用，提前预警阿尔茨海默病的发生。	人类至今对阿尔茨海默病束手无策。,科技-滚动-探索・发现
http://scitech.people.com.cn/index10.html#fy01,http://scitech.people.com.cn/n1/2018/0206/c1007-29807903.html,人类首次发现银河系外行星, 据物理学家组织网3日报道，美国科学家借助微引力透镜现象――也是现有行星探测方法中能发现距地球相对遥远地方天体的方法，并对其进行创新，首次发现了银河系外RX J1131-1231星系的一群行星，并确定这些行星的质量介于月球和木星之间。研究人员表示，最新研究将开启新的太空探索领域。,科技-滚动-探索・发现
http://scitech.people.com.cn/index10.html#fy01,http://scitech.people.com.cn/n1/2018/0206/c1007-29807867.html,亿年琥珀封存蜘蛛竟有长尾巴, 蜘蛛长了一个长长的尾巴，还叫蜘蛛吗？6日，《自然》子刊《自然―生态学与进化》同时刊发两篇论文，中国科学院南京地质古生物研究所研究员王博和黄迪颖各自领衔两个国际科研团队，分别独立研究了保存于1亿年前缅甸琥珀中的“怪物蜘蛛”――应氏奇美拉蛛，证实了蜘蛛古老祖先的确长着长长的尾巴，为了解蜘蛛的起源和演化提供了关键证据。	蜘蛛是自然界中最常见的动物之一，属于节肢动物蛛形纲，是种类极其丰富的捕食性动物，在陆地生态系统中扮演重要角色。,科技-探索・发现-滚动
http://scitech.people.com.cn/index10.html#fy01,http://scitech.people.com.cn/n1/2018/0206/c1007-29807860.html,寒武纪化石揭示节肢动物早期取食模式,来自云南大学的消息，该校古生物研究重点实验室张喜光教授、杨杰副研究员及其团队成员首次发现了节肢动物系统演化中基节发生实质性变革的最早化石记录。	自寒武纪大爆发以来，节肢动物始终是化石和现生动物群的“强势”群体。,科技-滚动-探索・发现
http://scitech.people.com.cn/index10.html#fy01,http://scitech.people.com.cn/n1/2018/0207/c1007-29810122.html,臭氧层怪现象：南极空洞在愈合，中纬度地区在变薄,上个月在《地球物理研究通讯》上发表的研究指出，南极上空的平流层臭氧层正在愈合。没想到，6日出版在《大气化学和物理》杂志中的一篇分析报告认为，在大多数人居住的中纬度地区，平流层下方的臭氧层变得更加脆弱，这让科学家难以理解。,科技-滚动-探索・发现
http://scitech.people.com.cn/index10.html#fy01,http://scitech.people.com.cn/n1/2018/0206/c1007-29808128.html,阿尔茨海默病有望靠验血预警,英国《自然》杂志近日在线报告了一项最新研究成果：大脑中的β-淀粉样蛋白沉积物是阿尔茨海默病最早期的病理特征，而今科学家终于发现了可预测它的血浆生物标志物，并有望在临床上广泛应用，提前预警阿尔茨海默病的发生。	人类至今对阿尔茨海默病束手无策。,科技-滚动-探索・发现
http://scitech.people.com.cn/index10.html#fy01,http://scitech.people.com.cn/n1/2018/0206/c1007-29807903.html,人类首次发现银河系外行星, 据物理学家组织网3日报道，美国科学家借助微引力透镜现象――也是现有行星探测方法中能发现距地球相对遥远地方天体的方法，并对其进行创新，首次发现了银河系外RX J1131-1231星系的一群行星，并确定这些行星的质量介于月球和木星之间。研究人员表示，最新研究将开启新的太空探索领域。,滚动-探索・发现-科技
http://scitech.people.com.cn/index10.html#fy01,http://scitech.people.com.cn/n1/2018/0206/c1007-29807867.html,亿年琥珀封存蜘蛛竟有长尾巴, 蜘蛛长了一个长长的尾巴，还叫蜘蛛吗？6日，《自然》子刊《自然―生态学与进化》同时刊发两篇论文，中国科学院南京地质古生物研究所研究员王博和黄迪颖各自领衔两个国际科研团队，分别独立研究了保存于1亿年前缅甸琥珀中的“怪物蜘蛛”――应氏奇美拉蛛，证实了蜘蛛古老祖先的确长着长长的尾巴，为了解蜘蛛的起源和演化提供了关键证据。	蜘蛛是自然界中最常见的动物之一，属于节肢动物蛛形纲，是种类极其丰富的捕食性动物，在陆地生态系统中扮演重要角色。,科技-探索・发现-滚动
http://scitech.people.com.cn/index10.html#fy01,http://scitech.people.com.cn/n1/2018/0206/c1007-29807860.html,寒武纪化石揭示节肢动物早期取食模式,来自云南大学的消息，该校古生物研究重点实验室张喜光教授、杨杰副研究员及其团队成员首次发现了节肢动物系统演化中基节发生实质性变革的最早化石记录。	自寒武纪大爆发以来，节肢动物始终是化石和现生动物群的“强势”群体。,科技-滚动-探索・发现
http://scitech.people.com.cn/index11.html#fy01,http://scitech.people.com.cn/n1/2018/0227/c1007-29837856.html,科技部发布2017年度中国科学十大进展(组图),人民网北京2月27日电 （张歌）今日下午，科技部基础研究司与科技部基础研究管理中心联合举办“2017年度中国科学十大进展专家解读会”，正式发布2017年度中国科学十大进展。		图为颁发荣誉证书现场	1. 实现星地千公里级量子纠缠和密钥分发及隐形传态		“墨子号”卫星实现千公里级量子纠缠分发	“墨子号”量子科学实验卫星由我国完全自主研制的世界上第一颗空间量子科学实验卫星，于2016年8月16日发射升空，2017年1月18日完成在轨测试，正式交付开展科学实验。,滚动-张歌-独家
http://scitech.people.com.cn/index11.html#fy01,http://scitech.people.com.cn/n1/2018/0227/c1007-29837766.html,2017中国科学十项重大科学进展公布,人民网北京2月27日电 （记者李岩 魏艳）今天下午，由科技部基础研究司与科技部基础研究管理中心联合举办的“2017年度中国科学十大进展专家解读会”在京举行。	在此次专家解读会上，科技部基础研究管理中心主任刘敏宣布了2017年度中国科学十大进展。,科技
http://scitech.people.com.cn/index11.html#fy01,http://scitech.people.com.cn/n1/2018/0227/c1007-29837567.html,杜绝挂虚名 我国科技人才评价将不再片面与论文挂钩,人民网北京2月27日电 （记者魏艳）近日，中共中央办公厅、国务院办公厅印发了《关于分类推进人才评价机制改革的指导意见》（以下简称指导意见），提出加快推进科技重点领域人才评价改革。	意见提出，对主要从事基础研究的人才，着重评价其提出和解决重大科学问题的原创能力、成果的科学价值、学术水平和影响等；对主要从事应用研究和技术开发的人才，着重评价其技术创新与集成能力、取得的自主知识产权和重大技术突破、成果转化、对产业发展的实际贡献等；对从事社会公益研究、科技管理服务和实验技术的人才，重在评价考核工作绩效，引导其提高服务水平和技术支持能力。,科技
http://scitech.people.com.cn/index11.html#fy01,http://scitech.people.com.cn/n1/2018/0227/c1007-29836665.html,一言不合就起火 坐飞机时充电宝该怎么携带？,25日，南航一航班起飞前，行李架上行李起火，初查系充电宝所致。 图片来源于网络	一言不合就起火 这下知道为什么充电宝不能托运了吧	‘华龙网2月26日21时讯(首席记者 徐焱) 昨(25)日下午，南方航空一架广州飞往上海的航班在登机时，行李架上行李冒烟起火，初查系充电宝所致。,滚动-科技-科学界
http://scitech.people.com.cn/index11.html#fy01,http://scitech.people.com.cn/n1/2018/0227/c1007-29836598.html,虚假信息怎么破？ 认清套路看数据！,春节刚过，告别闹钟、告别打卡、告别地铁挤成相片儿的美好假期让人回味，相信假期中很多人还会告别早餐。	如果你还在为自己的任性生活会“透支”多少身体健康而感到惴惴不安，那么有篇公号文章似乎正猜对了你的心思。,科技-产业动态-滚动
http://scitech.people.com.cn/index11.html#fy01,http://scitech.people.com.cn/n1/2018/0207/c1007-29810182.html,小火箭 小卫星 大需求,“SS-520”5号机成功发射图片来源：JAXA官网	据日本宇宙航空研究开发机构（JAXA）官网2月6日消息，该机构3日下午从鹿儿岛县的内之浦宇宙空间观测站，发射了迄今全球最小型运载火箭“SS-520”5号机，约7分半钟后，该火箭上搭载的皮纳卫星TRICOM-1R分离并进入预定轨道。	中国航天科工二院研究员杨宇光博士在接受科技日报记者采访时说：“全球对皮纳卫星的需求比较旺盛，微小型火箭可以专门针对这种卫星，将其适时发射到满足要求的轨道，而且这类小型运载工具总成本相对较低，因此应用前景广阔。,滚动-科技-科学界
http://scitech.people.com.cn/index11.html#fy01,http://scitech.people.com.cn/n1/2018/0207/c1007-29810176.html,手机辐射是否有害健康仍待回答,使用手机与癌症或其他疾病是否有关？科学家为此争论已久。为澄清事实，美国食品和药物管理局（FDA）要求国立卫生研究院的国家毒理学计划（NTP）发起专项研究。,滚动-科技-科学界
http://scitech.people.com.cn/index11.html#fy01,http://scitech.people.com.cn/n1/2018/0207/c1007-29810173.html,“葫芦娃”星系是寻找系外生命绝佳地,根据行星直径、质量和与母恒星的距离制作的TRAPPIST-1行星系统的艺术概念图。	图片来源：NASA	还记得去年名噪一时的“葫芦娃”星系吗？据美国国家航空航天局（NASA）官网5日消息，一个国际科研团队让地面和空间望远镜协作，对距地球仅40光年远、包含7颗地球大小行星的TRAPPIST-1行星系统进行了调查。,滚动-科技-科学界
http://scitech.people.com.cn/index11.html#fy01,http://scitech.people.com.cn/n1/2018/0207/c1007-29810162.html,终端脑神经有新功能,日本理化学研究所的一个研究小组利用斑马鱼进行试验，发现终端脑神经可控制脊椎动物对二氧化碳的规避行为。此前，科研人员对其生理功能不甚了解。,滚动-科技-科学界
http://scitech.people.com.cn/index11.html#fy01,http://scitech.people.com.cn/n1/2018/0207/c1007-29810156.html,维生素D3可修复心血管系统损伤,据物理学家组织网近日报道，美国俄亥俄大学的一项新研究表明，维生素D3能显著修复高血压、糖尿病等导致的心血管系统损伤。鉴于晒太阳时身体会自动产生D3，因此专家建议，心血管系统损伤病患可多晒太阳或服用D3补充剂。,科技-科学界-滚动
http://scitech.people.com.cn/index11.html#fy01,http://scitech.people.com.cn/n1/2018/0202/c1007-29802049.html,5年投百亿 科技装备升级优化国门监管,2017年，我国货物贸易进出口总值27.79万亿元，增长14.2%。全国海关立案侦办3260起走私犯罪案件，创历史新高。,科技-产业动态-滚动
http://scitech.people.com.cn/index11.html#fy01,http://scitech.people.com.cn/n1/2018/0202/c1007-29802033.html,铁路春运：扩大“复兴号”开行范围,记者1月31日从中国铁路总公司获悉，2018年春运，铁路将在北京至太原、西安、成都、沈阳，上海至昆明、厦门、合肥，广州至兰州等方向逐步增加开行“复兴号”，辐射13个省市的53个地级市。	2018年铁路春运从2月1日起至3月12日止，共40天，全国铁路预计发送旅客3.9亿人次，同比增加3131万人次，增长8.8%，日均955万人次。,滚动-科技-产业动态
http://scitech.people.com.cn/index11.html#fy01,http://scitech.people.com.cn/n1/2018/0202/c1007-29802014.html,蓝绿光半导体激光器将国产化,记者1日从中科院苏州纳米技术与纳米仿生研究所（以下简称中科院苏州纳米所）获悉，该研究所与多家企业合作，成立了国内首家氮化镓基蓝绿光半导体激光器材料和器件生产企业。	这意味着，被国外垄断的蓝绿光半导体激光器将实现国产化。,滚动-科技-产业动态
http://scitech.people.com.cn/index11.html#fy01,http://scitech.people.com.cn/n1/2018/0202/c1007-29802007.html,两新能源巨头合作发展物联网,记者2月1日从天合光能股份有限公司获悉，天合光能 与西门子正式签署了全球战略合作备忘录。两家世界新能源巨头强强联合后，将携手探索能源物联网以及智能微网领域的综合能源服务。,滚动-科技-产业动态
http://scitech.people.com.cn/index11.html#fy01,http://scitech.people.com.cn/n1/2018/0202/c1007-29801987.html,重要原料药灯盏乙素首次实现全合成,国际学术期刊《自然通讯》1月31日在线发表了云南农业大学在灯盏花产业链关键技术开发及产业化应用研究中取得的一项最新成果。	灯盏乙素是药用植物灯盏花核心药效成分。,滚动-科技-产业动态
http://scitech.people.com.cn/index11.html#fy01,http://scitech.people.com.cn/n1/2018/0205/c1007-29805790.html,5G标准看中国，这不是吹,近日外电报道，为应对来自中国的安全威胁，特朗普的国家安全团队正在讨论让政府来主导美国5G网络的建设。尽管美国政府随即出面澄清，表示目前还没有计划打造联邦超高速5G无线网络。,滚动-科技-发明・创新
http://scitech.people.com.cn/index11.html#fy01,http://scitech.people.com.cn/n1/2018/0205/c1007-29805604.html,变污为宝，养猪场不再“臭名昭著”,俗称“粮猪安天下”。生猪养殖不但与环境保护、食品安全息息相关，还是区域经济发展的重要一环。,滚动-科技-发明・创新
http://scitech.people.com.cn/index11.html#fy01,http://scitech.people.com.cn/n1/2018/0202/c1007-29802043.html,温暖回家路：大数据护航“摩托大军”,针对约30亿人次的春运返乡“大迁徙”，从2月1日开始，在公安部交管局指导下，全国多地交通管理部门联合高德地图推出“温暖回家路”专项服务工作。	那些顶风冒雪在路上的约30万“摩托大军”今年第一次成为“科技关照”重点，而高德地图的交通大数据预测能力则是支撑起“摩托大军”平安返乡的关键。,科技-发明・创新-滚动
http://scitech.people.com.cn/index11.html#fy01,http://scitech.people.com.cn/n1/2018/0202/c1007-29801976.html,8亿年前蓝藻既能输氧还能固氮,每到夏季，太湖等湖泊就会发生“水华”，黄海海域也会暴发“赤潮”，蓝藻成为养殖和旅游业避之不及的“环境杀手”。但近日，中国科学院南京地质古生物研究所在安徽寿县发现8亿年前的“大型安徽丝藻”，为地球早期生物固氮提供了最早化石证据。,科技-发明・创新-滚动
http://scitech.people.com.cn/index11.html#fy01,http://scitech.people.com.cn/n1/2018/0201/c1007-29799724.html,美研究揭示大脑如何学习语言,美国一项新研究表明，人类用于学习语言的大脑回路还能“兼职”其他用途，而非此前认为的是专门用于学习语言的模块。	发表在最新一期美国《国家科学院学报》上的这项研究显示，儿童学习母语及成年人学习外语时使用的大脑回路还有记住购物清单或学习开车等多种用途。,滚动-发明・创新-科技
http://scitech.people.com.cn/index11.html#fy01,http://scitech.people.com.cn/n1/2018/0206/c1007-29807854.html,SINA蛋白掌控番茄“生老病死”, 记者从合肥工业大学获悉，该校食品科学与工程学院刘永胜教授课题组，与美国爱达荷大学等单位合作，首次对番茄SINA（seven in absentia）蛋白家族在植物抗病与发育中的调控功能进行了深入研究，并发现番茄SINA蛋白家族基因在其抗病及发育过程中发挥着重要调控作用。研究成果日前在线发表在国际著名学术期刊《植物・细胞与环境》上。,滚动-探索・发现-科技
http://scitech.people.com.cn/index11.html#fy01,http://scitech.people.com.cn/n1/2018/0205/c1007-29805798.html,期待！俄2019年为游客提供太空漫步项目,据英国《每日邮报》2月1日报道，俄罗斯能源火箭航天公司 (RKK Energia)透露于2019年为在太空旅游的游客提供为期10天价值1亿美元(约合人民币6.3亿元)的漫步项目。		此项目是俄罗斯首次向国际空间站(ISS)运送旅客，最多可运送6名旅客。,科技-滚动-探索・发现
http://scitech.people.com.cn/index11.html#fy01,http://scitech.people.com.cn/n1/2018/0205/c1007-29805753.html,港媒：AI技术有望助力中国核潜艇升级,据香港《南华早报》4日报道，一名资深研究人士表示，中国正在用人工智能(AI)升级核潜艇的电脑系统，以提高指挥人员的潜在思维能力。这名科研人员说，人工智能增强版潜艇不但能让庞大的中国海军在未来战争占得先机，而且能够将人工智能的应用提高到一个新水平。,滚动-探索・发现-科技
http://scitech.people.com.cn/index11.html#fy01,http://scitech.people.com.cn/n1/2018/0205/c1007-29805748.html,中国“地震卫星”距离预报地震有多远,自从中国首颗电磁监测试验卫星“张衡一号”2日在酒泉卫星发射中心发射成功后，很多人都欢庆“有望从太空提前预报地震”。但相关专家提醒说，现在就开始讨论地震预测预报还为时过早，但中国和世界科学界在该领域的不断积累，有望在未来攻克这个难题。,滚动-探索・发现-科技
http://scitech.people.com.cn/index11.html#fy01,http://scitech.people.com.cn/n1/2018/0202/c1007-29802082.html,这些老祖宗的秘密又被咱发现了,通天洞遗址		苏家垄周代遗址出土的铜锭		“三连城”建筑台基航拍图	4.5万年前的“新疆人”怎么生活？周代在哪里经营矿产资源？匈奴时期的“三连城”是做什么用的？2017年中国考古重大发现能告诉你答案。	由中国社会科学院主办、中国社会科学院考古研究所和考古杂志社承办的“中国社会科学院考古论坛・2017年中国考古新发现”近日在京揭晓了新疆吉木乃县通天洞遗址、山东济南章丘区焦家新石器时代遗址、福建明溪县南山遗址、湖北京山县苏家垄周代遗址、河北行唐县南桥镇故郡东周遗址、吉林安图县宝马城金代遗址等6项考古新发现，以及1项国外考古新发现。,科技-滚动-探索・发现
http://scitech.people.com.cn/index11.html#fy01,http://scitech.people.com.cn/n1/2018/0206/c1007-29807854.html,SINA蛋白掌控番茄“生老病死”, 记者从合肥工业大学获悉，该校食品科学与工程学院刘永胜教授课题组，与美国爱达荷大学等单位合作，首次对番茄SINA（seven in absentia）蛋白家族在植物抗病与发育中的调控功能进行了深入研究，并发现番茄SINA蛋白家族基因在其抗病及发育过程中发挥着重要调控作用。研究成果日前在线发表在国际著名学术期刊《植物・细胞与环境》上。,科技-滚动-探索・发现
http://scitech.people.com.cn/index11.html#fy01,http://scitech.people.com.cn/n1/2018/0205/c1007-29805798.html,期待！俄2019年为游客提供太空漫步项目,据英国《每日邮报》2月1日报道，俄罗斯能源火箭航天公司 (RKK Energia)透露于2019年为在太空旅游的游客提供为期10天价值1亿美元(约合人民币6.3亿元)的漫步项目。		此项目是俄罗斯首次向国际空间站(ISS)运送旅客，最多可运送6名旅客。,滚动-探索・发现-科技
http://scitech.people.com.cn/index11.html#fy01,http://scitech.people.com.cn/n1/2018/0205/c1007-29805753.html,港媒：AI技术有望助力中国核潜艇升级,据香港《南华早报》4日报道，一名资深研究人士表示，中国正在用人工智能(AI)升级核潜艇的电脑系统，以提高指挥人员的潜在思维能力。这名科研人员说，人工智能增强版潜艇不但能让庞大的中国海军在未来战争占得先机，而且能够将人工智能的应用提高到一个新水平。,滚动-探索・发现-科技
http://scitech.people.com.cn/index11.html#fy01,http://scitech.people.com.cn/n1/2018/0205/c1007-29805748.html,中国“地震卫星”距离预报地震有多远,自从中国首颗电磁监测试验卫星“张衡一号”2日在酒泉卫星发射中心发射成功后，很多人都欢庆“有望从太空提前预报地震”。但相关专家提醒说，现在就开始讨论地震预测预报还为时过早，但中国和世界科学界在该领域的不断积累，有望在未来攻克这个难题。,科技-滚动-探索・发现
http://scitech.people.com.cn/index11.html#fy01,http://scitech.people.com.cn/n1/2018/0202/c1007-29802082.html,这些老祖宗的秘密又被咱发现了,通天洞遗址		苏家垄周代遗址出土的铜锭		“三连城”建筑台基航拍图	4.5万年前的“新疆人”怎么生活？周代在哪里经营矿产资源？匈奴时期的“三连城”是做什么用的？2017年中国考古重大发现能告诉你答案。	由中国社会科学院主办、中国社会科学院考古研究所和考古杂志社承办的“中国社会科学院考古论坛・2017年中国考古新发现”近日在京揭晓了新疆吉木乃县通天洞遗址、山东济南章丘区焦家新石器时代遗址、福建明溪县南山遗址、湖北京山县苏家垄周代遗址、河北行唐县南桥镇故郡东周遗址、吉林安图县宝马城金代遗址等6项考古新发现，以及1项国外考古新发现。,滚动-探索・发现-科技
http://scitech.people.com.cn/index12.html#fy01,http://scitech.people.com.cn/n1/2018/0227/c1007-29836594.html,盘点2月谣言:这些食物的“另类”功效你别信,过年期间，走亲串友，大鱼大肉之外，怎可少了酒。经常可以在酒桌上听到劝酒的人说：“小酌怡情，这大过年冷嗖嗖的，喝点酒暖暖身！”然而，酒真能暖身？为啥小记就越喝越冷呢？除此之外，在即将过去的二月份，还有一些食物也被流言赋予了“另类”功效。,科技-医学・健康-滚动
http://scitech.people.com.cn/index12.html#fy01,http://scitech.people.com.cn/n1/2018/0227/c1007-29836586.html,鱼刺卡喉别吞饭喝醋 分分钟可能威胁生命,在刚刚过去的新春佳节里，大快朵颐的时候，你有没有被鱼刺卡过？当时你一定试过喝醋、大口吃饭吞咽等“土方法”来去除鱼刺在喉之苦吧，但这样做真的管用吗？被鱼刺卡住了到底应该怎么办？	喝醋基本无用，还可能伤喉	有的人被鱼刺卡住后拼命地喝醋，认为醋可以溶解由钙构成的鱼刺，达到软化鱼刺的目的。喝了醋之后，软化的鱼刺就会从组织上脱落下来。,科技-发明・创新-滚动
http://scitech.people.com.cn/index12.html#fy01,http://scitech.people.com.cn/n1/2018/0227/c1007-29836581.html,社交APP催生“一个人”经济,技术让人们更容易享受孤独，传统社交模式逐渐发生转变。香港《南华早报》近日报道称，广大青年群体普遍存在的“孤独寂寞”感正在催生新的经济领域出现。,科技-产业动态-滚动
http://scitech.people.com.cn/index12.html#fy01,http://scitech.people.com.cn/n1/2018/0227/c1007-29836485.html,我国科技创新如何加速跻身国际第一方阵,“我国科技创新水平加速迈向国际第一方阵，进入了‘三跑并存’，并跑领跑日益增多的历史性新阶段。”2月26日，科技部部长万钢在国新办举行的发布会上表示，十八大以来，科技创新实现了历史性、整体性、格局性的重大变化，我国已成为一个具有全球影响力的科技创新大国。,滚动-科技-发明・创新
http://scitech.people.com.cn/index12.html#fy01,http://scitech.people.com.cn/n1/2018/0227/c1007-29836479.html,5G规模化商用临近 中国企业将唱主角,当地时间2月26日，世界移动通信大会在巴塞罗那开幕。在这个通信行业最重要的年度秀场上，5G再次成为最热的话题，中国企业是最引人关注的烟火。,科技-产业动态-滚动
http://scitech.people.com.cn/index12.html#fy01,http://scitech.people.com.cn/n1/2018/0207/c1007-29810130.html,神奇水解酶专“吃”塑料,从中科院天津工业生物技术研究所传来最新信息，一种专门用于分解PET塑料的水解酶研究取得重要突破，未来将据此培育出专“吃”PET塑料的新酶种，通过生物降解方法帮助解决日益严重的塑料垃圾污染问题。该研究成果已发表在最新一期《自然・通讯》杂志。,科技-科学界-滚动
http://scitech.people.com.cn/index12.html#fy01,http://scitech.people.com.cn/n1/2018/0206/c1007-29809427.html,世界最庞大天文设备SKA首台天线在华诞生,SKA首台天线	人民网北京2月6日电（赵竹青）由我国主导研制的国际大科学工程“平方公里阵列射电望远镜”（SKA）首台天线（SKA-P）今日在中国电子科技集团公司第54研究所启动。	下午3点15分，一声“启动”，SKA-P在10米高的底座上，缓缓转动反射体，犹如一只机敏灵活的“大耳朵”，俯仰之间，从15°到90°，缓缓扫过天际；水平转动，左右270°，从容巡视天空。,独家-滚动-科技
http://scitech.people.com.cn/index12.html#fy01,http://scitech.people.com.cn/n1/2018/0206/c1007-29808213.html,用基因大数据打造“生命周期表”,“计划通过对地球上的生命进行基因、表型、生态等方面信息和知识的梳理、归纳和分析，发现隐藏在数据背后的生命规律，最终实现‘数字化动植物，数字化地球’的宏伟目标。”华大基因副总裁、首席技术官方晓东所说的“计划”，是华大基因近日发布的“生命周期表计划”。,科技-科学界-滚动
http://scitech.people.com.cn/index12.html#fy01,http://scitech.people.com.cn/n1/2018/0206/c1007-29807892.html,我遥感卫星地面站成功接收“张衡一号”数据, 记者从中国科学院获悉，2月5日14时49分44秒，中国科学院遥感与数字地球研究所所属的中国遥感卫星地面站密云站，在第46圈次成功跟踪、接收到“张衡一号”卫星的首轨下行数据，至14时58分53秒完成总计7.68GB数据的实时接收、记录和传输。之后，中国遥感卫星地面站喀什站在第47圈次也成功实现了“张衡一号”卫星的数据接收。,航空・航天-科技-科学界
http://scitech.people.com.cn/index12.html#fy01,http://scitech.people.com.cn/n1/2018/0206/c1007-29807878.html,“张衡一号”装载空间展开系统国际领先,我国第一颗观测地震电磁信息的卫星“张衡一号”2月2日成功发射。据报道，“张衡一号”可开展全球7级以上、我国6级以上地震电磁信息分析研究，总体技术指标达到国际先进水平，部分技术指标达到国际领先水平。,滚动-航空・航天-科技
http://scitech.people.com.cn/index12.html#fy01,http://scitech.people.com.cn/n1/2018/0201/c1007-29799701.html,世界最强氘氚中子源究竟“强”在哪,核能是20世纪人类最伟大的成就之一。中子被称为核能系统的“灵魂”，是反应堆中核反应的触发粒子和能量载体，也是产生核热能和引发放射性的源头。,滚动-科技-产业动态
http://scitech.people.com.cn/index12.html#fy01,http://scitech.people.com.cn/n1/2018/0201/c1007-29799641.html,发展太空医疗需要国际合作“推进器”,“人类走向太空过程当中耗费了不可估量的资源，也集中了世界最为尖端的技术和科技的力量。”	日前，国家发改委国际交流中心主任曹文炼，在“2018太空技术和平利用国际研讨会”上的发言中指出，承载着人类智慧的太空技术，应该更好地应用到全球健康事业中。,科技-产业动态-滚动
http://scitech.people.com.cn/index12.html#fy01,http://scitech.people.com.cn/n1/2018/0201/c1007-29799595.html,当成果撑不起野心和欲望 他们选择学术造假,日本京都大学iPS（多能诱导干细胞）细胞研究所近日的论文造假事件再次引起人们对学术造假的讨论。从已有案例看，无论日韩还是欧美，造假者均被严惩，为何仍不断有人不惜拿自己的学术生涯去冒险？	被发现的只是冰山一角	“首先，论文造假被发现的概率极小，绝大部分论文不会被关注或重复。,科技-产业动态-滚动
http://scitech.people.com.cn/index12.html#fy01,http://scitech.people.com.cn/n1/2018/0131/c1007-29798517.html,“车联万物・数据融合”论坛在京举行,人民网北京1月31日电 上午，新能源汽车国家大数据联盟主办的2017年会暨“车联万物・数据融合”论坛在京召开。		大会围绕新能源汽车及大数据国家政策方针、大数据时代新能源汽车产业链各方切入机会、新能源汽车与物联网、大数据跨界融合与应用进行了深度交流探讨。,滚动-独家-科技
http://scitech.people.com.cn/index12.html#fy01,http://scitech.people.com.cn/n1/2018/0131/c1007-29797339.html,无人机怎么飞有了“标准答案”,如今，用无人机来个自拍，给大地来张“上帝视角”的特写那都不叫事。在娱乐、巡检、测绘、植保、新闻报道等领域，无人机正成为我们的“第三只眼”和得力的空中助手。,产业动态-科技-滚动
http://scitech.people.com.cn/index12.html#fy01,http://scitech.people.com.cn/n1/2018/0201/c1007-29799693.html,隐藏复杂技术 让密码“轻松落地”,本报记者 张佳星	“全球约6300个平台提供勒索软件交易，2016―2017年期间勒索软件销售增长25倍。”《2017年度网络空间安全报告》日前发布，勒索病毒的出现和黑市传播，使得网络空间安全暴露出“危如累卵”的局面。,科技-发明・创新-滚动
http://scitech.people.com.cn/index12.html#fy01,http://scitech.people.com.cn/n1/2018/0131/c1007-29797343.html,废弃岩棉变身新型高效重金属修复剂,记者从中科院合肥物质科学研究院了解到，该院技术生物所吴正岩研究员课题组，利用废弃岩棉研制出一种高效去除水体和土壤中重金属的新型修复剂，这一成果对于促进建筑废弃材料的循环利用，保障环境和粮食安全具有重要意义。相关成果日前被化工领域权威期刊《化学工程杂志》接收发表。,科技-发明・创新-滚动
http://scitech.people.com.cn/index12.html#fy01,http://scitech.people.com.cn/n1/2018/0131/c1007-29797099.html,种子的“选择”可影响地区生物多样性,来自中科院昆明植物研究所的消息，中国西南野生生物种质资源库与国外研究机构合作，在种子功能权衡的研究中取得了最新进展。	据了解，种子植物是陆地生态系统的主导者，权衡是其适应复杂陆地环境的主要生态策略。,科技-发明・创新-滚动
http://scitech.people.com.cn/index12.html#fy01,http://scitech.people.com.cn/n1/2018/0131/c1007-29797096.html,我首次实现纳米机电系统非近邻模式耦合,记者从中国科技大学获悉，该校郭光灿院士领导的中科院量子信息重点实验室在纳米机电系统（NEMS）方面取得最新进展。该实验室与美国加州大学团队合作，在研究两个石墨烯纳米谐振器的模式耦合过程中，创新性地引入第三个谐振器作为声子腔模，成功地实现了非近邻的模式耦合。,滚动-科技-发明・创新
http://scitech.people.com.cn/index12.html#fy01,http://scitech.people.com.cn/n1/2018/0130/c1007-29794737.html,湖南今年拟再“送”15颗微小卫星上天,29日，记者从长沙高新区的天仪研究院获悉，继研究院成功发射4颗科学用途微小卫星后，今年该院还拟再发射15颗微小卫星。同时，即将正式启动与清华大学合作开展的“天格计划”。,滚动-科技-发明・创新
http://scitech.people.com.cn/index12.html#fy01,http://scitech.people.com.cn/n1/2018/0202/c1007-29802071.html,呆萌羊驼上演“喷火”杂技,奇观	来认识下这只拥有“神技”的羊驼，来自Rusty Stars羊驼农场的Cinnamon。它会在低温天里上演“喷火”杂技。,科技-滚动-探索・发现
http://scitech.people.com.cn/index12.html#fy01,http://scitech.people.com.cn/n1/2018/0202/c1007-29801974.html,人类“走出非洲”时间或更早,印度南部“Attirampakkam”考古现场出土的石器图片来源：《自然》杂志	英国《自然》杂志1月31日发表的一项最新考古研究称，印度的古人类可能在约38.5万年前，就发展出了一种旧石器时代中期文化――这比此前认为的要早很多。由此将引发科学家对早期人类进化的重新思考，尤其是对“走出非洲”的传统理解。,科技-滚动-探索・发现
http://scitech.people.com.cn/index12.html#fy01,http://scitech.people.com.cn/n1/2018/0202/c1007-29801963.html,心理健康虚拟疗法不再“虚拟”,图片来自网络	在1日举行的“MQ（心理健康慈善机构）心理健康2018年会”上，英国卫生部政务次官夏含夷宣布，英国国家卫生研究院（NIHR）将推出一项总额为400万英镑的计划，旨在为国家医疗服务体系（NHS）提供先进的心理健康虚拟疗法。	这项突破性计划将由英国国家医疗服务基金会、牛津大学等机构组成的团队实施，并由牛津大学精神病学系教授丹尼尔・弗雷曼领衔。,医学・健康-滚动-探索・发现
http://scitech.people.com.cn/index12.html#fy01,http://scitech.people.com.cn/n1/2018/0202/c1007-29801889.html,64%女性在孕后期遭受失眠困扰,据美国科学促进会（AAAS）科技新闻共享平台EurekAlert!近日报道，英国格拉纳达大学领导的一项研究表明，64%的孕妇在妊娠晚期遭受失眠困扰。这个数字比怀孕之前患失眠症的女性比例（约6%）高出10倍。,滚动-医学・健康-探索・发现
http://scitech.people.com.cn/index12.html#fy01,http://scitech.people.com.cn/n1/2018/0202/c1007-29801857.html,关系越好，大脑反应越相似,英国《自然・通讯》杂志近日发表的一项神经科学研究称，美国科学家对279名实验对象组成的社交网络进行量化研究，通过磁共振成像扫描测量他们的脑活动，发现人们的社交关系越远，神经反应的相似性越低。这种神经反应或可预测人类社交网络关系。,探索・发现-滚动-科技
http://scitech.people.com.cn/index12.html#fy01,http://scitech.people.com.cn/n1/2018/0202/c1007-29802071.html,呆萌羊驼上演“喷火”杂技,奇观	来认识下这只拥有“神技”的羊驼，来自Rusty Stars羊驼农场的Cinnamon。它会在低温天里上演“喷火”杂技。,滚动-探索・发现-科技
http://scitech.people.com.cn/index12.html#fy01,http://scitech.people.com.cn/n1/2018/0202/c1007-29801974.html,人类“走出非洲”时间或更早,印度南部“Attirampakkam”考古现场出土的石器图片来源：《自然》杂志	英国《自然》杂志1月31日发表的一项最新考古研究称，印度的古人类可能在约38.5万年前，就发展出了一种旧石器时代中期文化――这比此前认为的要早很多。由此将引发科学家对早期人类进化的重新思考，尤其是对“走出非洲”的传统理解。,科技-滚动-探索・发现
http://scitech.people.com.cn/index12.html#fy01,http://scitech.people.com.cn/n1/2018/0202/c1007-29801963.html,心理健康虚拟疗法不再“虚拟”,图片来自网络	在1日举行的“MQ（心理健康慈善机构）心理健康2018年会”上，英国卫生部政务次官夏含夷宣布，英国国家卫生研究院（NIHR）将推出一项总额为400万英镑的计划，旨在为国家医疗服务体系（NHS）提供先进的心理健康虚拟疗法。	这项突破性计划将由英国国家医疗服务基金会、牛津大学等机构组成的团队实施，并由牛津大学精神病学系教授丹尼尔・弗雷曼领衔。,医学・健康-滚动-探索・发现
http://scitech.people.com.cn/index12.html#fy01,http://scitech.people.com.cn/n1/2018/0202/c1007-29801889.html,64%女性在孕后期遭受失眠困扰,据美国科学促进会（AAAS）科技新闻共享平台EurekAlert!近日报道，英国格拉纳达大学领导的一项研究表明，64%的孕妇在妊娠晚期遭受失眠困扰。这个数字比怀孕之前患失眠症的女性比例（约6%）高出10倍。,科技-滚动-医学・健康
http://scitech.people.com.cn/index12.html#fy01,http://scitech.people.com.cn/n1/2018/0202/c1007-29801857.html,关系越好，大脑反应越相似,英国《自然・通讯》杂志近日发表的一项神经科学研究称，美国科学家对279名实验对象组成的社交网络进行量化研究，通过磁共振成像扫描测量他们的脑活动，发现人们的社交关系越远，神经反应的相似性越低。这种神经反应或可预测人类社交网络关系。,探索・发现-滚动-科技
